{
    "ours": {
        "avg-drop": {
            "mean": 0.0113614119887352,
            "std": 0.07601959711261391
        },
        "delete-auc": {
            "mean": 0.5269749397652017,
            "std": 0.26397450824529534
        },
        "complexity": {
            "mean": 33.652619560241696,
            "std": 15.363391576776403
        },
        "sparsity": {
            "mean": 22.200131504535676,
            "std": 10.974022174009606
        }
    },
    "layer-ig": {
        "avg-drop": {
            "mean": 0.015181438207626343,
            "std": 0.0945344462782513
        },
        "delete-auc": {
            "mean": 0.5723808789435361,
            "std": 0.14571123747143663
        },
        "complexity": {
            "mean": 4.857549136638641,
            "std": 1.4275798408564144
        },
        "sparsity": {
            "mean": 3.6375771453380583,
            "std": 1.9156567686328498
        }
    },
    "saliency": {
        "avg-drop": {
            "mean": 0.634307826846838,
            "std": 0.30787665065318415
        },
        "delete-auc": {
            "mean": 0.8096903312686416,
            "std": 0.14193437976607273
        },
        "complexity": {
            "mean": 13.391021478176118,
            "std": 4.571653284898386
        },
        "sparsity": {
            "mean": 42.84955461788177,
            "std": 36.351872179485014
        }
    },
    "deeplift": {
        "avg-drop": {
            "mean": 0.0307123104929924,
            "std": 0.1325780381238206
        },
        "delete-auc": {
            "mean": 0.4519882864322927,
            "std": 0.10142075842730988
        },
        "complexity": {
            "mean": 111.46314678573609,
            "std": 13.579879948098924
        },
        "sparsity": {
            "mean": 2.045919759988785,
            "std": 0.26875754912456434
        }
    },
    "deeplift-shap": {
        "avg-drop": {
            "mean": 0.014487073600292206,
            "std": 0.09748371145770733
        },
        "delete-auc": {
            "mean": 0.43603034584389794,
            "std": 0.1095399776062992
        },
        "complexity": {
            "mean": 111.8510371170044,
            "std": 16.119511023501996
        },
        "sparsity": {
            "mean": 2.050943536520004,
            "std": 0.3206433526750075
        }
    },
    "gradient-shap": {
        "avg-drop": {
            "mean": 0.01172065031528473,
            "std": 0.08654726006448353
        },
        "delete-auc": {
            "mean": 0.4355013550437159,
            "std": 0.09244165118249528
        },
        "complexity": {
            "mean": 110.88841787338256,
            "std": 14.68856498367814
        },
        "sparsity": {
            "mean": 2.0624443962574004,
            "std": 0.28941308950157113
        }
    },
    "guided-backprop": {
        "avg-drop": {
            "mean": 0.07101045000553131,
            "std": 0.1864725247086688
        },
        "delete-auc": {
            "mean": 0.454857231810689,
            "std": 0.09672621150745137
        },
        "complexity": {
            "mean": 112.17442460632324,
            "std": 13.2172949400789
        },
        "sparsity": {
            "mean": 2.0308433413505553,
            "std": 0.255007583669973
        }
    }
}