{
    "ours": {
        "avg-drop": {
            "mean": 0.012585751069978869,
            "std": 0.08536469640224303
        },
        "inc-conf": {
            "mean": 0.015,
            "std": 0.12155245781143219
        },
        "delete-auc": {
            "mean": 0.5561118735013798,
            "std": 0.14506633734807267
        },
        "insert-auc": {
            "mean": 0.9315244935478356,
            "std": 0.08491588036120279
        },
        "complexity": {
            "mean": 33.59811293792725,
            "std": 12.820717916992
        },
        "sparsity": {
            "mean": 20.975505262374877,
            "std": 10.564450943169172
        }
    },
    "layer-ig": {
        "avg-drop": {
            "mean": 0.011497946946178672,
            "std": 0.09431663054970307
        },
        "inc-conf": {
            "mean": 0.066,
            "std": 0.24828209762284514
        },
        "delete-auc": {
            "mean": 0.41138485227440963,
            "std": 0.19735578159146536
        },
        "insert-auc": {
            "mean": 0.5742943647952375,
            "std": 0.1819416030572046
        },
        "complexity": {
            "mean": 114.57361110687256,
            "std": 14.035182559979257
        },
        "sparsity": {
            "mean": 1.9898368968963622,
            "std": 0.2572126609892665
        }
    },
    "saliency": {
        "avg-drop": {
            "mean": 0.6370937547446228,
            "std": 0.3087710480074597
        },
        "inc-conf": {
            "mean": 0.0,
            "std": 0.0
        },
        "delete-auc": {
            "mean": 0.4691227873573398,
            "std": 0.1607541147554394
        },
        "insert-auc": {
            "mean": 0.6064069982986157,
            "std": 0.15306805771430673
        },
        "complexity": {
            "mean": 13.391021682262421,
            "std": 4.571653395707408
        },
        "sparsity": {
            "mean": 42.849554133415225,
            "std": 36.35187221094154
        }
    },
    "deeplift": {
        "avg-drop": {
            "mean": 0.031537623033131186,
            "std": 0.13764842209807712
        },
        "inc-conf": {
            "mean": 0.049,
            "std": 0.21586801523152982
        },
        "delete-auc": {
            "mean": 0.4491460725271998,
            "std": 0.2060883653360524
        },
        "insert-auc": {
            "mean": 0.5304148736184222,
            "std": 0.17714353711927708
        },
        "complexity": {
            "mean": 111.46314684295655,
            "std": 13.579877672983532
        },
        "sparsity": {
            "mean": 2.0459197559356688,
            "std": 0.26875750481754573
        }
    },
    "deeplift-shap": {
        "avg-drop": {
            "mean": 0.015301340357065783,
            "std": 0.10433491766730724
        },
        "inc-conf": {
            "mean": 0.115,
            "std": 0.3190219428189855
        },
        "delete-auc": {
            "mean": 0.5004557438540084,
            "std": 0.2407416021089715
        },
        "insert-auc": {
            "mean": 0.5884007689790303,
            "std": 0.21197397484495845
        },
        "complexity": {
            "mean": 111.85102582550049,
            "std": 16.119516208106095
        },
        "sparsity": {
            "mean": 2.050943769931793,
            "std": 0.32064351706661637
        }
    },
    "gradient-shap": {
        "avg-drop": {
            "mean": 0.012530401827633143,
            "std": 0.09414349774206797
        },
        "inc-conf": {
            "mean": 0.074,
            "std": 0.26177089219391836
        },
        "delete-auc": {
            "mean": 0.4121108716521004,
            "std": 0.21839238825929674
        },
        "insert-auc": {
            "mean": 0.5984636573521555,
            "std": 0.2028592970219578
        },
        "complexity": {
            "mean": 110.88842087936402,
            "std": 14.68856161879231
        },
        "sparsity": {
            "mean": 2.062444324016571,
            "std": 0.2894129367506733
        }
    },
    "guided-backprop": {
        "avg-drop": {
            "mean": 0.07285383027163471,
            "std": 0.19299257163780395
        },
        "inc-conf": {
            "mean": 0.006,
            "std": 0.0772269383052313
        },
        "delete-auc": {
            "mean": 0.5141171877819348,
            "std": 0.19933514051406653
        },
        "insert-auc": {
            "mean": 0.5064301701350948,
            "std": 0.19337543987994707
        },
        "complexity": {
            "mean": 112.17442412185669,
            "std": 13.217293845587674
        },
        "sparsity": {
            "mean": 2.0308433532714845,
            "std": 0.2550075737038198
        }
    }
}