{
    "ours": {
        "avg-drop": {
            "mean": 0.011237380953563842,
            "std": 0.07967425839569806
        },
        "inc-conf": {
            "mean": 0.02,
            "std": 0.13999999999999999
        },
        "delete-auc": {
            "mean": 0.560564524341251,
            "std": 0.1382361524557436
        },
        "insert-auc": {
            "mean": 0.9294496682191092,
            "std": 0.08623936947219275
        },
        "complexity": {
            "mean": 33.345216241836546,
            "std": 15.025114255839366
        },
        "sparsity": {
            "mean": 22.435577631950377,
            "std": 11.185552801979473
        }
    },
    "layer-ig": {
        "avg-drop": {
            "mean": 0.8007634728252888,
            "std": 0.1655871675743411
        },
        "inc-conf": {
            "mean": 0.0,
            "std": 0.0
        },
        "delete-auc": {
            "mean": 0.46225136970530467,
            "std": 0.16682947546778917
        },
        "insert-auc": {
            "mean": 0.5969940753636482,
            "std": 0.130145554545323
        },
        "complexity": {
            "mean": 12.39372225189209,
            "std": 4.157050068455567
        },
        "sparsity": {
            "mean": 48.53550010871887,
            "std": 30.831607680049103
        }
    },
    "saliency": {
        "avg-drop": {
            "mean": 0.6328811522722244,
            "std": 0.3084936071416326
        },
        "inc-conf": {
            "mean": 0.0,
            "std": 0.0
        },
        "delete-auc": {
            "mean": 0.47069812666044336,
            "std": 0.16072949578125884
        },
        "insert-auc": {
            "mean": 0.6124140386817926,
            "std": 0.15527187208609283
        },
        "complexity": {
            "mean": 13.308566794395446,
            "std": 4.534691088741979
        },
        "sparsity": {
            "mean": 43.24553416633606,
            "std": 36.92922797164657
        }
    },
    "deeplift": {
        "avg-drop": {
            "mean": 0.7485904881069436,
            "std": 0.2191410962786089
        },
        "inc-conf": {
            "mean": 0.0,
            "std": 0.0
        },
        "delete-auc": {
            "mean": 0.48141327922994026,
            "std": 0.15557516355724973
        },
        "insert-auc": {
            "mean": 0.6157437368874479,
            "std": 0.1489778892680037
        },
        "complexity": {
            "mean": 12.462412643432618,
            "std": 3.306257839239453
        },
        "sparsity": {
            "mean": 46.737105609893796,
            "std": 28.537755990111002
        }
    },
    "deeplift-shap": {
        "avg-drop": {
            "mean": 0.594366075700149,
            "std": 0.32051766778590624
        },
        "inc-conf": {
            "mean": 0.0,
            "std": 0.0
        },
        "delete-auc": {
            "mean": 0.5078411803434438,
            "std": 0.1313815131637925
        },
        "insert-auc": {
            "mean": 0.6790664656714569,
            "std": 0.17685291759569155
        },
        "complexity": {
            "mean": 10.750661515235901,
            "std": 2.4271349735069676
        },
        "sparsity": {
            "mean": 67.1234091835022,
            "std": 23.562348542626673
        }
    },
    "gradient-shap": {
        "avg-drop": {
            "mean": 0.5816843833718449,
            "std": 0.3175939657012611
        },
        "inc-conf": {
            "mean": 0.0,
            "std": 0.0
        },
        "delete-auc": {
            "mean": 0.46483929868461826,
            "std": 0.16038260724287096
        },
        "insert-auc": {
            "mean": 0.6662400500286602,
            "std": 0.16248948951538997
        },
        "complexity": {
            "mean": 13.385871026992797,
            "std": 2.867711655791031
        },
        "sparsity": {
            "mean": 42.935955760955814,
            "std": 12.939710080940602
        }
    },
    "guided-backprop": {
        "avg-drop": {
            "mean": 0.7177678640913219,
            "std": 0.2442671641507608
        },
        "inc-conf": {
            "mean": 0.0,
            "std": 0.0
        },
        "delete-auc": {
            "mean": 0.48736061733580804,
            "std": 0.15929413483726762
        },
        "insert-auc": {
            "mean": 0.6197218295843161,
            "std": 0.15709198486944692
        },
        "complexity": {
            "mean": 13.163195771217346,
            "std": 3.3741104181859907
        },
        "sparsity": {
            "mean": 43.09189103889465,
            "std": 26.474116518353135
        }
    }
}