{
    "ours": {
        "avg-drop": {
            "mean": 0.16361211124950206,
            "std": 0.2921604769635572
        },
        "inc-conf": {
            "mean": 0.452,
            "std": 0.4976906669810074
        },
        "delete-auc": {
            "mean": 0.24841831896834526,
            "std": 0.29418958349593244
        },
        "insert-auc": {
            "mean": 0.26661309195276667,
            "std": 0.29561335243118964
        },
        "complexity": {
            "mean": 192.7104427947998,
            "std": 7.752470746402552
        },
        "sparsity": {
            "mean": 2.3303673350811005,
            "std": 0.12780201881281733
        }
    },
    "layer-ig": {
        "avg-drop": {
            "mean": 0.47719240003832236,
            "std": 0.42976017316468085
        },
        "inc-conf": {
            "mean": 0.252,
            "std": 0.43416126036301306
        },
        "delete-auc": {
            "mean": 0.1440004287234082,
            "std": 0.19087354755204752
        },
        "insert-auc": {
            "mean": 0.14350608332001064,
            "std": 0.19191103124951514
        },
        "complexity": {
            "mean": 201.171466796875,
            "std": 17.112524856779434
        },
        "sparsity": {
            "mean": 2.0040555152893065,
            "std": 0.1801243551083472
        }
    },
    "saliency": {
        "avg-drop": {
            "mean": 0.830566310887225,
            "std": 0.32045086267639383
        },
        "inc-conf": {
            "mean": 0.058,
            "std": 0.23374344910606587
        },
        "delete-auc": {
            "mean": 0.19605753616828753,
            "std": 0.2006771044936737
        },
        "insert-auc": {
            "mean": 0.4275382589812358,
            "std": 0.1657713246022246
        },
        "complexity": {
            "mean": 12.023724260091782,
            "std": 4.93724547048497
        },
        "sparsity": {
            "mean": 89.45738399124146,
            "std": 76.93218742493956
        }
    },
    "deeplift": {
        "avg-drop": {
            "mean": 0.5721043617364266,
            "std": 0.43008132572975527
        },
        "inc-conf": {
            "mean": 0.212,
            "std": 0.40872484632084705
        },
        "delete-auc": {
            "mean": 0.1618766764814974,
            "std": 0.19909090092493056
        },
        "insert-auc": {
            "mean": 0.15932567441697307,
            "std": 0.19595089433538712
        },
        "complexity": {
            "mean": 200.81678147888184,
            "std": 12.702726577868301
        },
        "sparsity": {
            "mean": 2.0002847212553023,
            "std": 0.12371811272841896
        }
    },
    "deeplift-shap": {
        "avg-drop": {
            "mean": 0.5779787441834342,
            "std": 0.4298380234585463
        },
        "inc-conf": {
            "mean": 0.218,
            "std": 0.4128873938497033
        },
        "delete-auc": {
            "mean": 0.16300210731403664,
            "std": 0.20141726594703568
        },
        "insert-auc": {
            "mean": 0.1607753256423704,
            "std": 0.197703528472498
        },
        "complexity": {
            "mean": 201.26564559936523,
            "std": 12.691408972240273
        },
        "sparsity": {
            "mean": 1.9958424283266067,
            "std": 0.12439270765066052
        }
    },
    "gradient-shap": {
        "avg-drop": {
            "mean": 0.5329862393352051,
            "std": 0.4282427508084379
        },
        "inc-conf": {
            "mean": 0.23,
            "std": 0.4208325082500163
        },
        "delete-auc": {
            "mean": 0.14757947977225083,
            "std": 0.19666830736264584
        },
        "insert-auc": {
            "mean": 0.13790084898783544,
            "std": 0.1966595192835991
        },
        "complexity": {
            "mean": 198.93596531677247,
            "std": 13.508946210147002
        },
        "sparsity": {
            "mean": 2.021428721189499,
            "std": 0.14294185975013557
        }
    },
    "guided-backprop": {
        "avg-drop": {
            "mean": 0.5048870415292176,
            "std": 0.4162906090388826
        },
        "inc-conf": {
            "mean": 0.198,
            "std": 0.39849215801568794
        },
        "delete-auc": {
            "mean": 0.1776929830139781,
            "std": 0.2017315871567875
        },
        "insert-auc": {
            "mean": 0.17285389834448778,
            "std": 0.20090618259562526
        },
        "complexity": {
            "mean": 199.90927392578126,
            "std": 11.132960225159422
        },
        "sparsity": {
            "mean": 2.0083708299398424,
            "std": 0.11383165530381839
        }
    }
}