{
    "ours": {
        "avg-drop": {
            "mean": 0.020617919921875,
            "std": 0.05323140264631036
        },
        "delete-auc": {
            "mean": 0.28781496754868163,
            "std": 0.11643439727847463
        },
        "complexity": {
            "mean": 60.3115131778717,
            "std": 19.832931867336633
        },
        "sparsity": {
            "mean": 6.138124372839927,
            "std": 2.819432477920264
        }
    }
}