{
    "ours": {
        "avg-drop": {
            "mean": 0.022583602242171763,
            "std": 0.05966645548743977
        },
        "inc-conf": {
            "mean": 0.191,
            "std": 0.393089048435593
        },
        "delete-auc": {
            "mean": 0.2885173556251447,
            "std": 0.11091038558383004
        },
        "insert-auc": {
            "mean": 0.5731859699723657,
            "std": 0.10342646266142295
        },
        "complexity": {
            "mean": 63.39971401596069,
            "std": 20.94490037390279
        },
        "sparsity": {
            "mean": 5.931873679161072,
            "std": 2.838363375240128
        }
    },
    "layer-ig": {
        "avg-drop": {
            "mean": 0.013447331413626671,
            "std": 0.06237183396943286
        },
        "inc-conf": {
            "mean": 0.487,
            "std": 0.49983097142934235
        },
        "delete-auc": {
            "mean": 0.32196133903140517,
            "std": 0.11272970318293664
        },
        "insert-auc": {
            "mean": 0.389969315595423,
            "std": 0.10180517159248315
        },
        "complexity": {
            "mean": 109.28453582000732,
            "std": 17.4312739269406
        },
        "sparsity": {
            "mean": 2.112083362579346,
            "std": 0.3817731418202899
        }
    },
    "saliency": {
        "avg-drop": {
            "mean": 0.49829805122315884,
            "std": 0.16937776952341138
        },
        "inc-conf": {
            "mean": 0.006,
            "std": 0.07722693830523131
        },
        "delete-auc": {
            "mean": 0.37227652474812684,
            "std": 0.06354153836686363
        },
        "insert-auc": {
            "mean": 0.36674854383197447,
            "std": 0.07141255085319213
        },
        "complexity": {
            "mean": 10.475303057432175,
            "std": 5.0746557971222135
        },
        "sparsity": {
            "mean": 73.36226433372498,
            "std": 60.148689026292345
        }
    },
    "deeplift": {
        "avg-drop": {
            "mean": 0.013710731573402881,
            "std": 0.06104890313306093
        },
        "inc-conf": {
            "mean": 0.534,
            "std": 0.49884266056543325
        },
        "delete-auc": {
            "mean": 0.34074731963442323,
            "std": 0.09457756919108709
        },
        "insert-auc": {
            "mean": 0.3659028506407398,
            "std": 0.07338661926142476
        },
        "complexity": {
            "mean": 112.34683020401,
            "std": 15.832761728848606
        },
        "sparsity": {
            "mean": 2.039708280682564,
            "std": 0.32079204094670594
        }
    },
    "deeplift-shap": {
        "avg-drop": {
            "mean": 0.013014627546072006,
            "std": 0.06027177982719017
        },
        "inc-conf": {
            "mean": 0.544,
            "std": 0.4980602373207482
        },
        "delete-auc": {
            "mean": 0.3431172259877597,
            "std": 0.08944279997816258
        },
        "insert-auc": {
            "mean": 0.36671371542649794,
            "std": 0.06984127939601266
        },
        "complexity": {
            "mean": 112.2585890083313,
            "std": 16.01160863001758
        },
        "sparsity": {
            "mean": 2.0405230795145033,
            "std": 0.3079212480525256
        }
    },
    "gradient-shap": {
        "avg-drop": {
            "mean": 0.012333276510238647,
            "std": 0.05621361717520587
        },
        "inc-conf": {
            "mean": 0.42,
            "std": 0.4935585071701227
        },
        "delete-auc": {
            "mean": 0.3356058030311532,
            "std": 0.09612456648887253
        },
        "insert-auc": {
            "mean": 0.3826355538113337,
            "std": 0.08278758612433516
        },
        "complexity": {
            "mean": 110.64036029052734,
            "std": 14.29759322125833
        },
        "sparsity": {
            "mean": 2.064416440486908,
            "std": 0.28933949714145424
        }
    },
    "guided-backprop": {
        "avg-drop": {
            "mean": 0.0467274868786335,
            "std": 0.11067346103927501
        },
        "inc-conf": {
            "mean": 0.205,
            "std": 0.40370162248868907
        },
        "delete-auc": {
            "mean": 0.3670507805530025,
            "std": 0.07785895338716625
        },
        "insert-auc": {
            "mean": 0.3590530895568485,
            "std": 0.08384143806759257
        },
        "complexity": {
            "mean": 112.99226834106446,
            "std": 12.49783343745622
        },
        "sparsity": {
            "mean": 2.0101722967624664,
            "std": 0.2292890599468664
        }
    }
}