{
    "ours": {
        "avg-drop": {
            "mean": 0.024170337833464145,
            "std": 0.06252714059248592
        },
        "delete-auc": {
            "mean": 0.29976094815921456,
            "std": 0.15162077774678923
        },
        "complexity": {
            "mean": 64.8936471195221,
            "std": 18.820242469518483
        },
        "sparsity": {
            "mean": 4.738352972984314,
            "std": 1.7005593126559035
        }
    }
}