{
    "ours": {
        "avg-drop": {
            "mean": 0.025828555047512053,
            "std": 0.06509011894844237
        },
        "inc-conf": {
            "mean": 0.178,
            "std": 0.38251274488570963
        },
        "delete-auc": {
            "mean": 0.30019232545285185,
            "std": 0.10903307223095866
        },
        "insert-auc": {
            "mean": 0.5227161387903201,
            "std": 0.12142149292220762
        },
        "complexity": {
            "mean": 60.97654782676697,
            "std": 18.029082660487017
        },
        "sparsity": {
            "mean": 4.7519591183662415,
            "std": 1.356314892474214
        }
    },
    "layer-ig": {
        "avg-drop": {
            "mean": 0.01532466545701027,
            "std": 0.06911589391655856
        },
        "inc-conf": {
            "mean": 0.483,
            "std": 0.49971091643069
        },
        "delete-auc": {
            "mean": 0.3226363670477828,
            "std": 0.11244589923640633
        },
        "insert-auc": {
            "mean": 0.38956619751759536,
            "std": 0.10153283060500569
        },
        "complexity": {
            "mean": 109.42696951293945,
            "std": 17.513249104427878
        },
        "sparsity": {
            "mean": 2.1096711785793305,
            "std": 0.3821988036333748
        }
    },
    "saliency": {
        "avg-drop": {
            "mean": 0.49834819154441357,
            "std": 0.16914403341370454
        },
        "inc-conf": {
            "mean": 0.006,
            "std": 0.07722693830523131
        },
        "delete-auc": {
            "mean": 0.3726072350008032,
            "std": 0.06287396253901939
        },
        "insert-auc": {
            "mean": 0.3667121734934418,
            "std": 0.07137351091173155
        },
        "complexity": {
            "mean": 10.46371890425682,
            "std": 5.075011633604313
        },
        "sparsity": {
            "mean": 73.52201442337036,
            "std": 60.210216345423575
        }
    },
    "deeplift": {
        "avg-drop": {
            "mean": 0.015084849789738656,
            "std": 0.06596719996433291
        },
        "inc-conf": {
            "mean": 0.529,
            "std": 0.49915829152684627
        },
        "delete-auc": {
            "mean": 0.34105195452470527,
            "std": 0.09420024807705768
        },
        "insert-auc": {
            "mean": 0.3651557041205828,
            "std": 0.0746576782433325
        },
        "complexity": {
            "mean": 112.37465796279908,
            "std": 15.878963783923188
        },
        "sparsity": {
            "mean": 2.0395370428562165,
            "std": 0.3222616650945741
        }
    },
    "deeplift-shap": {
        "avg-drop": {
            "mean": 0.01405920684337616,
            "std": 0.06427132521991805
        },
        "inc-conf": {
            "mean": 0.542,
            "std": 0.49823287727728277
        },
        "delete-auc": {
            "mean": 0.34344257076404866,
            "std": 0.08951636492118459
        },
        "insert-auc": {
            "mean": 0.3659566275272095,
            "std": 0.07131496807059856
        },
        "complexity": {
            "mean": 112.26908302688598,
            "std": 16.06130960393562
        },
        "sparsity": {
            "mean": 2.0407688182592394,
            "std": 0.3100936657233045
        }
    },
    "gradient-shap": {
        "avg-drop": {
            "mean": 0.013921708896756172,
            "std": 0.06176911815394649
        },
        "inc-conf": {
            "mean": 0.416,
            "std": 0.4928934976239796
        },
        "delete-auc": {
            "mean": 0.3352377437462882,
            "std": 0.09659847869206546
        },
        "insert-auc": {
            "mean": 0.38195892177904783,
            "std": 0.08378982993266737
        },
        "complexity": {
            "mean": 110.58736240386963,
            "std": 14.243132135097984
        },
        "sparsity": {
            "mean": 2.0650541150569914,
            "std": 0.2876846134604589
        }
    },
    "guided-backprop": {
        "avg-drop": {
            "mean": 0.04676869179308414,
            "std": 0.11128854611871296
        },
        "inc-conf": {
            "mean": 0.207,
            "std": 0.40515552569352925
        },
        "delete-auc": {
            "mean": 0.36725671715475333,
            "std": 0.07715807767576967
        },
        "insert-auc": {
            "mean": 0.3583944986600184,
            "std": 0.08477260972520395
        },
        "complexity": {
            "mean": 112.92120970916748,
            "std": 12.573711556723584
        },
        "sparsity": {
            "mean": 2.0118294670581816,
            "std": 0.23145134050879634
        }
    }
}