{
    "ours": {
        "avg-drop": {
            "mean": 1.2838691691458226,
            "std": 1.732005312195746
        },
        "delete-auc": {
            "mean": 1.4875694672572946,
            "std": 1.62685465962441
        },
        "complexity": {
            "mean": 3.0375891884565354,
            "std": 0.8222207977542879
        },
        "sparsity": {
            "mean": 67.04483125686646,
            "std": 53.80277038237023
        }
    }
}