{
    "ours": {
        "avg-drop": {
            "mean": 0.2600663819909096,
            "std": 0.35835523165314703
        },
        "inc-conf": {
            "mean": 0.311,
            "std": 0.46290279757201735
        },
        "delete-auc": {
            "mean": 0.46202085766814804,
            "std": 0.36905399281925977
        },
        "insert-auc": {
            "mean": 0.7544263875148675,
            "std": 0.22288736224367345
        },
        "complexity": {
            "mean": 3.0375891884565354,
            "std": 0.8222207977542879
        },
        "sparsity": {
            "mean": 67.04483125686646,
            "std": 53.80277038237023
        }
    },
    "layer-ig": {
        "avg-drop": {
            "mean": 0.09870902989804745,
            "std": 0.22485787733115947
        },
        "inc-conf": {
            "mean": 0.66,
            "std": 0.4737087712930805
        },
        "delete-auc": {
            "mean": 0.5012281106326761,
            "std": 0.30694225065778713
        },
        "insert-auc": {
            "mean": 0.7018692431098487,
            "std": 0.3436174611415557
        },
        "complexity": {
            "mean": 320.59933102416994,
            "std": 101.14750946215032
        },
        "sparsity": {
            "mean": 2.21835815012455,
            "std": 0.9448282685189077
        }
    },
    "saliency": {
        "avg-drop": {
            "mean": 0.3930269512236118,
            "std": 0.3933578962712576
        },
        "inc-conf": {
            "mean": 0.253,
            "std": 0.4347309512790641
        },
        "delete-auc": {
            "mean": 0.5733370439013767,
            "std": 0.2501327375239373
        },
        "insert-auc": {
            "mean": 0.7524295235086079,
            "std": 0.21597120260732772
        },
        "complexity": {
            "mean": 13.11244314622879,
            "std": 2.979153593218923
        },
        "sparsity": {
            "mean": 412.57760946655276,
            "std": 158.21274202017327
        }
    },
    "deeplift": {
        "avg-drop": {
            "mean": 0.11233138073980808,
            "std": 0.23155947708237273
        },
        "inc-conf": {
            "mean": 0.668,
            "std": 0.47093099282166595
        },
        "delete-auc": {
            "mean": 0.4907453045026253,
            "std": 0.29340678953432187
        },
        "insert-auc": {
            "mean": 0.6480324383344302,
            "std": 0.33870602094622504
        },
        "complexity": {
            "mean": 311.5378878326416,
            "std": 101.95768627117363
        },
        "sparsity": {
            "mean": 2.316095575094223,
            "std": 1.060621573860283
        }
    },
    "deeplift-shap": {
        "avg-drop": {
            "mean": 0.12092962169647217,
            "std": 0.24344956477684246
        },
        "inc-conf": {
            "mean": 0.666,
            "std": 0.47163969298607594
        },
        "delete-auc": {
            "mean": 0.4954554104431837,
            "std": 0.3083937076744019
        },
        "insert-auc": {
            "mean": 0.6604560481250605,
            "std": 0.35302218691907966
        },
        "complexity": {
            "mean": 308.8735387039185,
            "std": 86.80457223957445
        },
        "sparsity": {
            "mean": 2.2429673644304278,
            "std": 0.8612869218430406
        }
    },
    "gradient-shap": {
        "avg-drop": {
            "mean": 0.09576161047816277,
            "std": 0.21643089044869088
        },
        "inc-conf": {
            "mean": 0.653,
            "std": 0.4760157560417512
        },
        "delete-auc": {
            "mean": 0.4673213995046677,
            "std": 0.34113468819358633
        },
        "insert-auc": {
            "mean": 0.6741019322430325,
            "std": 0.3834797268780428
        },
        "complexity": {
            "mean": 299.8625415267944,
            "std": 98.89331719466534
        },
        "sparsity": {
            "mean": 2.3953422902822497,
            "std": 1.0323843450152548
        }
    },
    "guided-backprop": {
        "avg-drop": {
            "mean": 0.019314879715442657,
            "std": 0.0541001979607632
        },
        "inc-conf": {
            "mean": 0.48,
            "std": 0.49959983987187184
        },
        "delete-auc": {
            "mean": 0.6864541491173897,
            "std": 0.23497760808510215
        },
        "insert-auc": {
            "mean": 0.6956600276365295,
            "std": 0.2394497218055959
        },
        "complexity": {
            "mean": 311.3042813415527,
            "std": 32.95177625143726
        },
        "sparsity": {
            "mean": 2.038315227270126,
            "std": 0.2265326788163726
        }
    }
}