{
    "ours": {
        "avg-drop": {
            "mean": 0.011671993834236446,
            "std": 0.07838047565216164
        },
        "inc-conf": {
            "mean": 0.408,
            "std": 0.49146312170904544
        },
        "delete-auc": {
            "mean": 0.5628921105706337,
            "std": 0.23112593044800378
        },
        "insert-auc": {
            "mean": 0.9209182667730759,
            "std": 0.11250689829585057
        },
        "complexity": {
            "mean": 9.805051296234131,
            "std": 3.0677214490301363
        },
        "sparsity": {
            "mean": 5.2893506991863255,
            "std": 5.052003786989688
        }
    },
    "layer-ig": {
        "avg-drop": {
            "mean": 0.4819966621790081,
            "std": 0.2362771233339764
        },
        "inc-conf": {
            "mean": 0.024,
            "std": 0.15304901175767194
        },
        "delete-auc": {
            "mean": 0.7321259228308096,
            "std": 0.12055399058469836
        },
        "insert-auc": {
            "mean": 0.7478324235460782,
            "std": 0.13673169873926383
        },
        "complexity": {
            "mean": 4.40415521121025,
            "std": 1.8291801424507612
        },
        "sparsity": {
            "mean": 813.911707611084,
            "std": 730.6175997911665
        }
    },
    "saliency": {
        "avg-drop": {
            "mean": 0.4906204105652869,
            "std": 0.2374944363367825
        },
        "inc-conf": {
            "mean": 0.016,
            "std": 0.125475097130865
        },
        "delete-auc": {
            "mean": 0.7316622702759344,
            "std": 0.1266279549300651
        },
        "insert-auc": {
            "mean": 0.7492900175419089,
            "std": 0.14025466242610227
        },
        "complexity": {
            "mean": 18.385191050529478,
            "std": 6.311575488676749
        },
        "sparsity": {
            "mean": 120.84688879013062,
            "std": 104.60643845149612
        }
    },
    "deeplift": {
        "avg-drop": {
            "mean": 0.49800711909122763,
            "std": 0.24922803260717669
        },
        "inc-conf": {
            "mean": 0.022,
            "std": 0.14668333238647124
        },
        "delete-auc": {
            "mean": 0.7323249212976757,
            "std": 0.12031377268066264
        },
        "insert-auc": {
            "mean": 0.7383052349783595,
            "std": 0.11689734944538091
        },
        "complexity": {
            "mean": 3.709463207244873,
            "std": 1.649180086122675
        },
        "sparsity": {
            "mean": 1364.8345474853515,
            "std": 2013.7796407331834
        }
    },
    "deeplift-shap": {
        "avg-drop": {
            "mean": 0.49332698685582727,
            "std": 0.2461029315673518
        },
        "inc-conf": {
            "mean": 0.02,
            "std": 0.13999999999999999
        },
        "delete-auc": {
            "mean": 0.7325989126233516,
            "std": 0.12103331368411685
        },
        "insert-auc": {
            "mean": 0.7401321473100118,
            "std": 0.11973849033845761
        },
        "complexity": {
            "mean": 5.869589077949524,
            "std": 2.8755091805518473
        },
        "sparsity": {
            "mean": 784.0426394500732,
            "std": 1204.271708887512
        }
    },
    "gradient-shap": {
        "avg-drop": {
            "mean": 0.4846468312367797,
            "std": 0.23824687417354237
        },
        "inc-conf": {
            "mean": 0.022,
            "std": 0.14668333238647124
        },
        "delete-auc": {
            "mean": 0.7304456707134879,
            "std": 0.12044446335087197
        },
        "insert-auc": {
            "mean": 0.7507786657489849,
            "std": 0.11800195161036856
        },
        "complexity": {
            "mean": 5.12073374247551,
            "std": 2.8867921423684435
        },
        "sparsity": {
            "mean": 705.7360421142578,
            "std": 748.1872002206304
        }
    },
    "guided-backprop": {
        "avg-drop": {
            "mean": 0.4906204105652869,
            "std": 0.2374944363367825
        },
        "inc-conf": {
            "mean": 0.016,
            "std": 0.125475097130865
        },
        "delete-auc": {
            "mean": 0.7316622702759344,
            "std": 0.1266279549300651
        },
        "insert-auc": {
            "mean": 0.7492900175419089,
            "std": 0.14025466242610227
        },
        "complexity": {
            "mean": 18.385191050529478,
            "std": 6.311575488676749
        },
        "sparsity": {
            "mean": 120.84688879013062,
            "std": 104.60643845149612
        }
    }
}