{
    "ours": {
        "avg-drop": {
            "mean": 0.18682926353569929,
            "std": 0.33641845376247487
        },
        "inc-conf": {
            "mean": 0.372,
            "std": 0.48333839077813795
        },
        "delete-auc": {
            "mean": 0.40391184553200865,
            "std": 0.4176602750422671
        },
        "insert-auc": {
            "mean": 0.810383452438018,
            "std": 0.20417374131162094
        },
        "complexity": {
            "mean": 2.418209179401398,
            "std": 0.9452217718040576
        },
        "sparsity": {
            "mean": 97.48449132156372,
            "std": 82.35567532215397
        }
    },
    "layer-ig": {
        "avg-drop": {
            "mean": 0.49032990412959043,
            "std": 0.4659975126500564
        },
        "inc-conf": {
            "mean": 0.316,
            "std": 0.4649128950674523
        },
        "delete-auc": {
            "mean": 0.599398954169332,
            "std": 0.24806190765552397
        },
        "insert-auc": {
            "mean": 0.7080224963293318,
            "std": 0.22312247516807165
        },
        "complexity": {
            "mean": 3.599530499458313,
            "std": 1.385094924108453
        },
        "sparsity": {
            "mean": 2711.336078125,
            "std": 1522.2028469262393
        }
    },
    "saliency": {
        "avg-drop": {
            "mean": 0.4468379700224614,
            "std": 0.4380099003185444
        },
        "inc-conf": {
            "mean": 0.25,
            "std": 0.4330127018922193
        },
        "delete-auc": {
            "mean": 0.5878023029230512,
            "std": 0.2512926689230387
        },
        "insert-auc": {
            "mean": 0.7507678094028363,
            "std": 0.21156056245463745
        },
        "complexity": {
            "mean": 13.085364545822143,
            "std": 2.879929135030493
        },
        "sparsity": {
            "mean": 414.1381681213379,
            "std": 153.04870629772316
        }
    },
    "deeplift": {
        "avg-drop": {
            "mean": 0.5821503462584972,
            "std": 0.46899688729488914
        },
        "inc-conf": {
            "mean": 0.304,
            "std": 0.4599826083668816
        },
        "delete-auc": {
            "mean": 0.6062615040312287,
            "std": 0.23280591986764088
        },
        "insert-auc": {
            "mean": 0.6719567274714678,
            "std": 0.21662476071929548
        },
        "complexity": {
            "mean": 3.959216094493866,
            "std": 1.6422486080970053
        },
        "sparsity": {
            "mean": 2541.575522705078,
            "std": 2051.9015936866695
        }
    },
    "deeplift-shap": {
        "avg-drop": {
            "mean": 0.5131554691380589,
            "std": 0.4570329433207604
        },
        "inc-conf": {
            "mean": 0.298,
            "std": 0.45737949232557423
        },
        "delete-auc": {
            "mean": 0.5978023501435143,
            "std": 0.24289293020946937
        },
        "insert-auc": {
            "mean": 0.7036273716700341,
            "std": 0.21977502306029112
        },
        "complexity": {
            "mean": 5.27967924451828,
            "std": 1.9514656117991687
        },
        "sparsity": {
            "mean": 1718.3734646606445,
            "std": 1212.6682886528622
        }
    },
    "gradient-shap": {
        "avg-drop": {
            "mean": 0.42073799919360316,
            "std": 0.4591199497366938
        },
        "inc-conf": {
            "mean": 0.324,
            "std": 0.46799999999999997
        },
        "delete-auc": {
            "mean": 0.5508967159287916,
            "std": 0.2891905935103085
        },
        "insert-auc": {
            "mean": 0.7601491966384631,
            "std": 0.22446001087345818
        },
        "complexity": {
            "mean": 4.990977557659149,
            "std": 2.032724674960157
        },
        "sparsity": {
            "mean": 1665.6586329956056,
            "std": 1083.7494818143584
        }
    },
    "guided-backprop": {
        "avg-drop": {
            "mean": 0.4468379700224614,
            "std": 0.4380099003185444
        },
        "inc-conf": {
            "mean": 0.25,
            "std": 0.4330127018922193
        },
        "delete-auc": {
            "mean": 0.5878023029230512,
            "std": 0.2512926689230387
        },
        "insert-auc": {
            "mean": 0.7507678094028363,
            "std": 0.21156056245463745
        },
        "complexity": {
            "mean": 13.085364545822143,
            "std": 2.879929135030493
        },
        "sparsity": {
            "mean": 414.1381681213379,
            "std": 153.04870629772316
        }
    }
}