{
    "ours": {
        "avg-drop": {
            "mean": 0.00835921509669788,
            "std": 0.06487876256624046
        },
        "inc-conf": {
            "mean": 0.018,
            "std": 0.132951118836962
        },
        "delete-auc": {
            "mean": 0.539376300999744,
            "std": 0.15345662421729073
        },
        "insert-auc": {
            "mean": 0.9192427658878096,
            "std": 0.0937865449584675
        },
        "complexity": {
            "mean": 37.66657331466675,
            "std": 14.982989676041436
        },
        "sparsity": {
            "mean": 22.053037488937377,
            "std": 14.99872167872681
        }
    },
    "layer-ig": {
        "avg-drop": {
            "mean": 0.8008373159468174,
            "std": 0.16562946150527802
        },
        "inc-conf": {
            "mean": 0.0,
            "std": 0.0
        },
        "delete-auc": {
            "mean": 0.4622580353718594,
            "std": 0.16682820885786429
        },
        "insert-auc": {
            "mean": 0.596908570688028,
            "std": 0.13020350238165246
        },
        "complexity": {
            "mean": 12.390650564193725,
            "std": 4.1495309123457105
        },
        "sparsity": {
            "mean": 48.531048065185544,
            "std": 30.826833732562132
        }
    },
    "saliency": {
        "avg-drop": {
            "mean": 0.6328127666711807,
            "std": 0.30852284827458804
        },
        "inc-conf": {
            "mean": 0.0,
            "std": 0.0
        },
        "delete-auc": {
            "mean": 0.47063356501498377,
            "std": 0.16084088588031176
        },
        "insert-auc": {
            "mean": 0.6125000085584995,
            "std": 0.155181750289996
        },
        "complexity": {
            "mean": 13.31292906665802,
            "std": 4.535260185861732
        },
        "sparsity": {
            "mean": 43.23404665565491,
            "std": 36.93345466079664
        }
    },
    "deeplift": {
        "avg-drop": {
            "mean": 0.7485407833168283,
            "std": 0.21914946864244078
        },
        "inc-conf": {
            "mean": 0.0,
            "std": 0.0
        },
        "delete-auc": {
            "mean": 0.48136113383485246,
            "std": 0.15567306636606879
        },
        "insert-auc": {
            "mean": 0.6156043002368606,
            "std": 0.14907286156990296
        },
        "complexity": {
            "mean": 12.466241390228271,
            "std": 3.3066912220909863
        },
        "sparsity": {
            "mean": 46.72278788375854,
            "std": 28.542416831379363
        }
    },
    "deeplift-shap": {
        "avg-drop": {
            "mean": 0.5950323584731668,
            "std": 0.32093903124113154
        },
        "inc-conf": {
            "mean": 0.0,
            "std": 0.0
        },
        "delete-auc": {
            "mean": 0.5077853490970179,
            "std": 0.13148405619313078
        },
        "insert-auc": {
            "mean": 0.6792000265508413,
            "std": 0.17675623440925872
        },
        "complexity": {
            "mean": 10.75816760635376,
            "std": 2.4223394472398585
        },
        "sparsity": {
            "mean": 67.0520431098938,
            "std": 23.525271913455654
        }
    },
    "gradient-shap": {
        "avg-drop": {
            "mean": 0.5957590891709551,
            "std": 0.31485708353158537
        },
        "inc-conf": {
            "mean": 0.0,
            "std": 0.0
        },
        "delete-auc": {
            "mean": 0.458997911824846,
            "std": 0.16251830231275396
        },
        "insert-auc": {
            "mean": 0.6677603381721944,
            "std": 0.15906392015561638
        },
        "complexity": {
            "mean": 13.540375762939453,
            "std": 2.935747155640542
        },
        "sparsity": {
            "mean": 42.45580842208862,
            "std": 12.99114653025609
        }
    },
    "guided-backprop": {
        "avg-drop": {
            "mean": 0.717585752947256,
            "std": 0.24418643960194142
        },
        "inc-conf": {
            "mean": 0.0,
            "std": 0.0
        },
        "delete-auc": {
            "mean": 0.48736281645545043,
            "std": 0.15927750532092652
        },
        "insert-auc": {
            "mean": 0.6196142650195042,
            "std": 0.15717765056756602
        },
        "complexity": {
            "mean": 13.168160716056823,
            "std": 3.3726407792450237
        },
        "sparsity": {
            "mean": 43.072421533584595,
            "std": 26.47681417432009
        }
    }
}