{
    "ours": {
        "avg-drop": {
            "mean": 0.015974405235207313,
            "std": 0.0893423460595973
        },
        "inc-conf": {
            "mean": 0.418,
            "std": 0.4932301693935601
        },
        "delete-auc": {
            "mean": 0.6306312402602753,
            "std": 0.23110415900714554
        },
        "insert-auc": {
            "mean": 0.8901006727974266,
            "std": 0.1149401209184204
        },
        "complexity": {
            "mean": 4.913848235845566,
            "std": 1.3529541339543276
        },
        "sparsity": {
            "mean": 9.148596858501435,
            "std": 6.697933268633812
        }
    },
    "layer-ig": {
        "avg-drop": {
            "mean": 0.48216071459650994,
            "std": 0.23652908147033394
        },
        "inc-conf": {
            "mean": 0.024,
            "std": 0.15304901175767194
        },
        "delete-auc": {
            "mean": 0.7322615142404079,
            "std": 0.12051041378940552
        },
        "insert-auc": {
            "mean": 0.7481865344916853,
            "std": 0.13631326590394316
        },
        "complexity": {
            "mean": 4.404235422611237,
            "std": 1.8318543837972792
        },
        "sparsity": {
            "mean": 814.598553527832,
            "std": 731.0906401719623
        }
    },
    "saliency": {
        "avg-drop": {
            "mean": 0.4906774626113474,
            "std": 0.237569617159272
        },
        "inc-conf": {
            "mean": 0.016,
            "std": 0.125475097130865
        },
        "delete-auc": {
            "mean": 0.7317893791963072,
            "std": 0.12609457868966173
        },
        "insert-auc": {
            "mean": 0.7495397123580925,
            "std": 0.13986664364104678
        },
        "complexity": {
            "mean": 18.391635529518126,
            "std": 6.3129004062695175
        },
        "sparsity": {
            "mean": 120.81101469039918,
            "std": 104.61250831523546
        }
    },
    "deeplift": {
        "avg-drop": {
            "mean": 0.4980353278834373,
            "std": 0.24919304386108945
        },
        "inc-conf": {
            "mean": 0.022,
            "std": 0.14668333238647124
        },
        "delete-auc": {
            "mean": 0.7325386672432924,
            "std": 0.11997195502595127
        },
        "insert-auc": {
            "mean": 0.7383978089606594,
            "std": 0.11667356374126468
        },
        "complexity": {
            "mean": 3.709306055307388,
            "std": 1.6485543305216666
        },
        "sparsity": {
            "mean": 1364.2009346313478,
            "std": 2013.4501091356976
        }
    },
    "deeplift-shap": {
        "avg-drop": {
            "mean": 0.4931812980836257,
            "std": 0.24588570043106037
        },
        "inc-conf": {
            "mean": 0.02,
            "std": 0.13999999999999999
        },
        "delete-auc": {
            "mean": 0.732597175749936,
            "std": 0.12113043808429247
        },
        "insert-auc": {
            "mean": 0.7403088788734477,
            "std": 0.11971413868872
        },
        "complexity": {
            "mean": 5.870867496728897,
            "std": 2.8752522963223277
        },
        "sparsity": {
            "mean": 783.8514293060302,
            "std": 1204.2206407290087
        }
    },
    "gradient-shap": {
        "avg-drop": {
            "mean": 0.4856827361683827,
            "std": 0.23296428559372537
        },
        "inc-conf": {
            "mean": 0.016,
            "std": 0.125475097130865
        },
        "delete-auc": {
            "mean": 0.7279658630068009,
            "std": 0.12547836072724083
        },
        "insert-auc": {
            "mean": 0.7504410141187203,
            "std": 0.1171645694812012
        },
        "complexity": {
            "mean": 5.229831942558288,
            "std": 2.8732207441113093
        },
        "sparsity": {
            "mean": 632.5587294921875,
            "std": 604.5985222172584
        }
    },
    "guided-backprop": {
        "avg-drop": {
            "mean": 0.4906774626113474,
            "std": 0.237569617159272
        },
        "inc-conf": {
            "mean": 0.016,
            "std": 0.125475097130865
        },
        "delete-auc": {
            "mean": 0.7317893791963072,
            "std": 0.12609457868966173
        },
        "insert-auc": {
            "mean": 0.7495397123580925,
            "std": 0.13986664364104678
        },
        "complexity": {
            "mean": 18.391635529518126,
            "std": 6.3129004062695175
        },
        "sparsity": {
            "mean": 120.81101469039918,
            "std": 104.61250831523546
        }
    }
}