{
    "ours": {
        "avg-drop": {
            "mean": 0.013010375835237653,
            "std": 0.0972519499194715
        },
        "inc-conf": {
            "mean": 0.45,
            "std": 0.49749371855331004
        },
        "delete-auc": {
            "mean": 0.6149547528594865,
            "std": 0.24757322180769786
        },
        "insert-auc": {
            "mean": 0.7923820344024448,
            "std": 0.22341425103541707
        },
        "complexity": {
            "mean": 63.10384577941895,
            "std": 4.17883743259548
        },
        "sparsity": {
            "mean": 8.501194010734558,
            "std": 1.0934894377421518
        }
    },
    "layer-ig": {
        "avg-drop": {
            "mean": 0.4880928406099638,
            "std": 0.46224062019789713
        },
        "inc-conf": {
            "mean": 0.1,
            "std": 0.3
        },
        "delete-auc": {
            "mean": 0.5269148477281457,
            "std": 0.2607365844181881
        },
        "insert-auc": {
            "mean": 0.6145530556113358,
            "std": 0.21921318668408335
        },
        "complexity": {
            "mean": 12.524383452892303,
            "std": 3.2257325330356843
        },
        "sparsity": {
            "mean": 42.387544967651365,
            "std": 17.353769546404557
        }
    },
    "saliency": {
        "avg-drop": {
            "mean": 0.6735553116251063,
            "std": 0.45703546595667854
        },
        "inc-conf": {
            "mean": 0.172,
            "std": 0.3773804446443933
        },
        "delete-auc": {
            "mean": 0.6080242547567811,
            "std": 0.21725405513324547
        },
        "insert-auc": {
            "mean": 0.5943165619651282,
            "std": 0.21903272119675005
        },
        "complexity": {
            "mean": 13.901883293628693,
            "std": 5.254939207906829
        },
        "sparsity": {
            "mean": 37.75693041610718,
            "std": 22.510809499205063
        }
    },
    "deeplift": {
        "avg-drop": {
            "mean": 0.5363827070540083,
            "std": 0.46630657911380685
        },
        "inc-conf": {
            "mean": 0.086,
            "std": 0.2803640490505157
        },
        "delete-auc": {
            "mean": 0.5318100994299918,
            "std": 0.2654006957774224
        },
        "insert-auc": {
            "mean": 0.6085678108893328,
            "std": 0.2175402498112717
        },
        "complexity": {
            "mean": 11.989973536014556,
            "std": 3.139271784122376
        },
        "sparsity": {
            "mean": 44.85488098907471,
            "std": 18.36493681466529
        }
    },
    "deeplift-shap": {
        "avg-drop": {
            "mean": 0.5499321387203417,
            "std": 0.4695464712414226
        },
        "inc-conf": {
            "mean": 0.08,
            "std": 0.2712931993250107
        },
        "delete-auc": {
            "mean": 0.5464138946814034,
            "std": 0.2596751893199778
        },
        "insert-auc": {
            "mean": 0.6078339140151728,
            "std": 0.21732771176194673
        },
        "complexity": {
            "mean": 11.523992109298707,
            "std": 3.1094997836587317
        },
        "sparsity": {
            "mean": 46.75800481796264,
            "std": 19.070953156121927
        }
    },
    "gradient-shap": {
        "avg-drop": {
            "mean": 0.5083218553845875,
            "std": 0.47687662093381755
        },
        "inc-conf": {
            "mean": 0.142,
            "std": 0.3490501396647765
        },
        "delete-auc": {
            "mean": 0.5260848770612224,
            "std": 0.24571033323492977
        },
        "insert-auc": {
            "mean": 0.5933579446728003,
            "std": 0.21823400029340292
        },
        "complexity": {
            "mean": 14.849419975280762,
            "std": 4.024695749585608
        },
        "sparsity": {
            "mean": 30.296954111099243,
            "std": 11.981158350738308
        }
    },
    "guided-backprop": {
        "avg-drop": {
            "mean": 0.6735547479776682,
            "std": 0.45703105505976893
        },
        "inc-conf": {
            "mean": 0.172,
            "std": 0.3773804446443933
        },
        "delete-auc": {
            "mean": 0.6080266648846618,
            "std": 0.2172637031865269
        },
        "insert-auc": {
            "mean": 0.5943219759537771,
            "std": 0.21903121991654587
        },
        "complexity": {
            "mean": 13.90194739818573,
            "std": 5.25493558331008
        },
        "sparsity": {
            "mean": 37.75693958091736,
            "std": 22.51184328685124
        }
    }
}