{
    "ours": {
        "avg-drop": {
            "mean": 0.011895536539427695,
            "std": 0.09495333055550603
        },
        "inc-conf": {
            "mean": 0.452,
            "std": 0.4976906669810074
        },
        "delete-auc": {
            "mean": 0.6078605338257385,
            "std": 0.2438901342951744
        },
        "insert-auc": {
            "mean": 0.8030741089048575,
            "std": 0.21997796908363904
        },
        "complexity": {
            "mean": 63.38405044555664,
            "std": 4.220216167719075
        },
        "sparsity": {
            "mean": 8.43028998374939,
            "std": 1.0797555138883685
        }
    },
    "layer-ig": {
        "avg-drop": {
            "mean": 0.17472688778445047,
            "std": 0.3669498426807956
        },
        "inc-conf": {
            "mean": 0.609,
            "std": 0.48797438457361664
        },
        "delete-auc": {
            "mean": 0.4082816642259244,
            "std": 0.3119135480116378
        },
        "insert-auc": {
            "mean": 0.5818811166343507,
            "std": 0.3104650317439642
        },
        "complexity": {
            "mean": 125.24723394775391,
            "std": 16.673577203114153
        },
        "sparsity": {
            "mean": 2.0633865904808046,
            "std": 0.3123527809334123
        }
    },
    "saliency": {
        "avg-drop": {
            "mean": 0.6661205292800244,
            "std": 0.4600130555652009
        },
        "inc-conf": {
            "mean": 0.188,
            "std": 0.3907121702737195
        },
        "delete-auc": {
            "mean": 0.5915450012382949,
            "std": 0.22105200466318156
        },
        "insert-auc": {
            "mean": 0.5952843024060427,
            "std": 0.2193251387276955
        },
        "complexity": {
            "mean": 14.118968014717103,
            "std": 5.419870020504468
        },
        "sparsity": {
            "mean": 37.62807236003876,
            "std": 23.206541769204858
        }
    },
    "deeplift": {
        "avg-drop": {
            "mean": 0.13091535778440777,
            "std": 0.32236150909414013
        },
        "inc-conf": {
            "mean": 0.616,
            "std": 0.4863578929142613
        },
        "delete-auc": {
            "mean": 0.5153549315320388,
            "std": 0.29772880836820165
        },
        "insert-auc": {
            "mean": 0.5834592586251934,
            "std": 0.3007476667303346
        },
        "complexity": {
            "mean": 126.88329637908936,
            "std": 10.740480931972748
        },
        "sparsity": {
            "mean": 2.011972965359688,
            "std": 0.18458645486398773
        }
    },
    "deeplift-shap": {
        "avg-drop": {
            "mean": 0.12924543445675465,
            "std": 0.32015112259430334
        },
        "inc-conf": {
            "mean": 0.618,
            "std": 0.48587652752525506
        },
        "delete-auc": {
            "mean": 0.5244257633722945,
            "std": 0.30536494032915884
        },
        "insert-auc": {
            "mean": 0.5853048313213423,
            "std": 0.29986938482917785
        },
        "complexity": {
            "mean": 127.2885891571045,
            "std": 11.443477486864676
        },
        "sparsity": {
            "mean": 2.007545774459839,
            "std": 0.1994842746088604
        }
    },
    "gradient-shap": {
        "avg-drop": {
            "mean": 0.02017875885664236,
            "std": 0.12697207957060727
        },
        "inc-conf": {
            "mean": 0.581,
            "std": 0.493395378981198
        },
        "delete-auc": {
            "mean": 0.5062518343710801,
            "std": 0.30669720990517285
        },
        "insert-auc": {
            "mean": 0.6220634062513897,
            "std": 0.27771058806908044
        },
        "complexity": {
            "mean": 126.4699939956665,
            "std": 9.155434759550316
        },
        "sparsity": {
            "mean": 2.015057182073593,
            "std": 0.14823821655907396
        }
    },
    "guided-backprop": {
        "avg-drop": {
            "mean": 0.03479515723784326,
            "std": 0.15907829038755106
        },
        "inc-conf": {
            "mean": 0.445,
            "std": 0.49696579359147036
        },
        "delete-auc": {
            "mean": 0.5897770457238476,
            "std": 0.2654417608754854
        },
        "insert-auc": {
            "mean": 0.5909014849660141,
            "std": 0.2672804122965957
        },
        "complexity": {
            "mean": 127.27968907165527,
            "std": 8.924769723277821
        },
        "sparsity": {
            "mean": 2.0015776509046557,
            "std": 0.14471792615129359
        }
    }
}