{
    "ours": {
        "avg-drop": {
            "mean": 0.40178247779607773,
            "std": 0.3118337954437729
        },
        "inc-conf": {
            "mean": 0.157,
            "std": 0.3638007696528417
        },
        "delete-auc": {
            "mean": 0.26849330944260513,
            "std": 0.2774211699092894
        },
        "insert-auc": {
            "mean": 0.35479736631881736,
            "std": 0.24709753412398816
        },
        "complexity": {
            "mean": 118.85501312255859,
            "std": 16.712255747292716
        },
        "sparsity": {
            "mean": 5.852763220787049,
            "std": 1.330932518921532
        }
    },
    "layer-ig": {
        "avg-drop": {
            "mean": 0.34419140811264515,
            "std": 0.32890855551381326
        },
        "inc-conf": {
            "mean": 0.257,
            "std": 0.43697940454900164
        },
        "delete-auc": {
            "mean": 0.14440659412833878,
            "std": 0.19392900176460548
        },
        "insert-auc": {
            "mean": 0.1455153113900366,
            "std": 0.19216044352681702
        },
        "complexity": {
            "mean": 201.31638605499268,
            "std": 17.15416605499025
        },
        "sparsity": {
            "mean": 2.002674050450325,
            "std": 0.18044045186213287
        }
    },
    "saliency": {
        "avg-drop": {
            "mean": 0.6245520245283842,
            "std": 0.28944511363155484
        },
        "inc-conf": {
            "mean": 0.058,
            "std": 0.23374344910606587
        },
        "delete-auc": {
            "mean": 0.1964145412342214,
            "std": 0.20026998860302633
        },
        "insert-auc": {
            "mean": 0.4268033607545017,
            "std": 0.16479572651231822
        },
        "complexity": {
            "mean": 11.98763404083252,
            "std": 4.880706812835368
        },
        "sparsity": {
            "mean": 89.77765734481811,
            "std": 82.5477162066717
        }
    },
    "deeplift": {
        "avg-drop": {
            "mean": 0.41167338807880877,
            "std": 0.3387883182877188
        },
        "inc-conf": {
            "mean": 0.216,
            "std": 0.41151427678757396
        },
        "delete-auc": {
            "mean": 0.1609311359384634,
            "std": 0.19912912591981238
        },
        "insert-auc": {
            "mean": 0.16001339525239666,
            "std": 0.19525721640248606
        },
        "complexity": {
            "mean": 201.09101106262207,
            "std": 12.89108662516592
        },
        "sparsity": {
            "mean": 1.99773299908638,
            "std": 0.12460381146936479
        }
    },
    "deeplift-shap": {
        "avg-drop": {
            "mean": 0.41656435008347037,
            "std": 0.3389310527353978
        },
        "inc-conf": {
            "mean": 0.223,
            "std": 0.4162583332499183
        },
        "delete-auc": {
            "mean": 0.16252441306904689,
            "std": 0.20189572324332758
        },
        "insert-auc": {
            "mean": 0.16132631235957018,
            "std": 0.19721411074882
        },
        "complexity": {
            "mean": 200.98591073608398,
            "std": 12.73484929468272
        },
        "sparsity": {
            "mean": 1.9986639875173569,
            "std": 0.12444010101999103
        }
    },
    "gradient-shap": {
        "avg-drop": {
            "mean": 0.38178804695606233,
            "std": 0.32902925002359124
        },
        "inc-conf": {
            "mean": 0.239,
            "std": 0.42647274238806865
        },
        "delete-auc": {
            "mean": 0.14781304727817207,
            "std": 0.1967617761844249
        },
        "insert-auc": {
            "mean": 0.13877696768839656,
            "std": 0.19603761680830772
        },
        "complexity": {
            "mean": 199.28022175598144,
            "std": 13.841941206484233
        },
        "sparsity": {
            "mean": 2.018477794408798,
            "std": 0.14766969173046965
        }
    },
    "guided-backprop": {
        "avg-drop": {
            "mean": 0.36839037972688676,
            "std": 0.32581666758889155
        },
        "inc-conf": {
            "mean": 0.2,
            "std": 0.4000000000000001
        },
        "delete-auc": {
            "mean": 0.17851331546838448,
            "std": 0.20167109410034062
        },
        "insert-auc": {
            "mean": 0.17100658541026775,
            "std": 0.19869925651361003
        },
        "complexity": {
            "mean": 200.34164837646483,
            "std": 11.196082392077425
        },
        "sparsity": {
            "mean": 2.0040994297266006,
            "std": 0.11465838045714324
        }
    }
}