{
    "ours": {
        "avg-drop": {
            "mean": 0.0049280024766921995,
            "std": 0.01968542395071662
        },
        "inc-conf": {
            "mean": 0.545,
            "std": 0.49797088268291345
        },
        "delete-auc": {
            "mean": 0.2785168559514551,
            "std": 0.09524743056340125
        },
        "insert-auc": {
            "mean": 0.5249339450871819,
            "std": 0.08864731595621234
        },
        "complexity": {
            "mean": 169.0799982910156,
            "std": 24.301019207960117
        },
        "sparsity": {
            "mean": 1.4336038774251938,
            "std": 0.3882665531991092
        }
    },
    "layer-ig": {
        "avg-drop": {
            "mean": 0.008287588357925415,
            "std": 0.04412299950303584
        },
        "inc-conf": {
            "mean": 0.5,
            "std": 0.5
        },
        "delete-auc": {
            "mean": 0.32085128595768575,
            "std": 0.11392614889376625
        },
        "insert-auc": {
            "mean": 0.39146360700599625,
            "std": 0.09881725987007992
        },
        "complexity": {
            "mean": 109.2183473739624,
            "std": 17.452099912654376
        },
        "sparsity": {
            "mean": 2.1135019048452377,
            "std": 0.3821258353195576
        }
    },
    "saliency": {
        "avg-drop": {
            "mean": 0.49796428725123404,
            "std": 0.16987379969915428
        },
        "inc-conf": {
            "mean": 0.008,
            "std": 0.08908422980528034
        },
        "delete-auc": {
            "mean": 0.3720347127730896,
            "std": 0.06420165166940063
        },
        "insert-auc": {
            "mean": 0.3668134295444311,
            "std": 0.07164338679352313
        },
        "complexity": {
            "mean": 10.439807525873185,
            "std": 5.0500683440112395
        },
        "sparsity": {
            "mean": 73.51523685836791,
            "std": 60.06546604281178
        }
    },
    "deeplift": {
        "avg-drop": {
            "mean": 0.009290780901908874,
            "std": 0.04688522573105583
        },
        "inc-conf": {
            "mean": 0.545,
            "std": 0.49797088268291345
        },
        "delete-auc": {
            "mean": 0.3399429119673863,
            "std": 0.09604163148939394
        },
        "insert-auc": {
            "mean": 0.36695733853507767,
            "std": 0.07065059480909966
        },
        "complexity": {
            "mean": 112.29504406356811,
            "std": 15.893153473946878
        },
        "sparsity": {
            "mean": 2.0409321427345275,
            "std": 0.3216477499910385
        }
    },
    "deeplift-shap": {
        "avg-drop": {
            "mean": 0.008553256198763848,
            "std": 0.04617078324761171
        },
        "inc-conf": {
            "mean": 0.555,
            "std": 0.4969657935914704
        },
        "delete-auc": {
            "mean": 0.3417268342127743,
            "std": 0.09154767877961384
        },
        "insert-auc": {
            "mean": 0.3673134869957943,
            "std": 0.06756367080471762
        },
        "complexity": {
            "mean": 112.35452535629273,
            "std": 16.03986027879696
        },
        "sparsity": {
            "mean": 2.038868376851082,
            "std": 0.30808124926383174
        }
    },
    "gradient-shap": {
        "avg-drop": {
            "mean": 0.007834815718233586,
            "std": 0.038244537010540494
        },
        "inc-conf": {
            "mean": 0.429,
            "std": 0.4949333288433908
        },
        "delete-auc": {
            "mean": 0.33429595145876445,
            "std": 0.09826161864205085
        },
        "insert-auc": {
            "mean": 0.383401259682673,
            "std": 0.08094561626851478
        },
        "complexity": {
            "mean": 110.77948664093017,
            "std": 14.385630247343869
        },
        "sparsity": {
            "mean": 2.0621015924215316,
            "std": 0.2899867837775979
        }
    },
    "guided-backprop": {
        "avg-drop": {
            "mean": 0.049682830929756165,
            "std": 0.11527576678510189
        },
        "inc-conf": {
            "mean": 0.2,
            "std": 0.4000000000000001
        },
        "delete-auc": {
            "mean": 0.36799523277937396,
            "std": 0.07529329265248974
        },
        "insert-auc": {
            "mean": 0.35760747131372717,
            "std": 0.08701608765089389
        },
        "complexity": {
            "mean": 113.08471371459962,
            "std": 12.511575445643636
        },
        "sparsity": {
            "mean": 2.00854305267334,
            "std": 0.22928875244012245
        }
    }
}