{
    "ours": {
        "avg-drop": {
            "mean": 0.009609026421296222,
            "std": 0.04366038946880825
        },
        "inc-conf": {
            "mean": 0.545,
            "std": 0.49797088268291345
        },
        "delete-auc": {
            "mean": 0.2785168559514551,
            "std": 0.09524743056340125
        },
        "insert-auc": {
            "mean": 0.5249339450871819,
            "std": 0.08864731595621234
        },
        "complexity": {
            "mean": 169.0799982910156,
            "std": 24.301019207960117
        },
        "sparsity": {
            "mean": 1.4336038774251938,
            "std": 0.3882665531991092
        }
    },
    "layer-ig": {
        "avg-drop": {
            "mean": 0.015285735543360716,
            "std": 0.09080857042899373
        },
        "inc-conf": {
            "mean": 0.5,
            "std": 0.5
        },
        "delete-auc": {
            "mean": 0.32085128595768575,
            "std": 0.11392614889376625
        },
        "insert-auc": {
            "mean": 0.39146360700599625,
            "std": 0.09881725987007992
        },
        "complexity": {
            "mean": 109.2183473739624,
            "std": 17.452099912654376
        },
        "sparsity": {
            "mean": 2.1135019048452377,
            "std": 0.3821258353195576
        }
    },
    "saliency": {
        "avg-drop": {
            "mean": 0.7611335784234107,
            "std": 0.24153355877623578
        },
        "inc-conf": {
            "mean": 0.008,
            "std": 0.08908422980528034
        },
        "delete-auc": {
            "mean": 0.3720347127730896,
            "std": 0.06420165166940063
        },
        "insert-auc": {
            "mean": 0.3668134295444311,
            "std": 0.07164338679352313
        },
        "complexity": {
            "mean": 10.439807525873185,
            "std": 5.0500683440112395
        },
        "sparsity": {
            "mean": 73.51523685836791,
            "std": 60.06546604281178
        }
    },
    "deeplift": {
        "avg-drop": {
            "mean": 0.017304556081286136,
            "std": 0.0946735028997128
        },
        "inc-conf": {
            "mean": 0.545,
            "std": 0.49797088268291345
        },
        "delete-auc": {
            "mean": 0.3399429119673863,
            "std": 0.09604163148939394
        },
        "insert-auc": {
            "mean": 0.36695733853507767,
            "std": 0.07065059480909966
        },
        "complexity": {
            "mean": 112.29504406356811,
            "std": 15.893153473946878
        },
        "sparsity": {
            "mean": 2.0409321427345275,
            "std": 0.3216477499910385
        }
    },
    "deeplift-shap": {
        "avg-drop": {
            "mean": 0.016007761329350615,
            "std": 0.09267286130644978
        },
        "inc-conf": {
            "mean": 0.555,
            "std": 0.4969657935914704
        },
        "delete-auc": {
            "mean": 0.3417268342127743,
            "std": 0.09154767877961384
        },
        "insert-auc": {
            "mean": 0.3673134869957943,
            "std": 0.06756367080471762
        },
        "complexity": {
            "mean": 112.35452535629273,
            "std": 16.03986027879696
        },
        "sparsity": {
            "mean": 2.038868376851082,
            "std": 0.30808124926383174
        }
    },
    "gradient-shap": {
        "avg-drop": {
            "mean": 0.014888383476896706,
            "std": 0.08352936380608732
        },
        "inc-conf": {
            "mean": 0.429,
            "std": 0.4949333288433908
        },
        "delete-auc": {
            "mean": 0.33429595145876445,
            "std": 0.09826161864205085
        },
        "insert-auc": {
            "mean": 0.383401259682673,
            "std": 0.08094561626851478
        },
        "complexity": {
            "mean": 110.77948664093017,
            "std": 14.385630247343869
        },
        "sparsity": {
            "mean": 2.0621015924215316,
            "std": 0.2899867837775979
        }
    },
    "guided-backprop": {
        "avg-drop": {
            "mean": 0.08798919035415201,
            "std": 0.20841619843007114
        },
        "inc-conf": {
            "mean": 0.2,
            "std": 0.4000000000000001
        },
        "delete-auc": {
            "mean": 0.36799523277937396,
            "std": 0.07529329265248974
        },
        "insert-auc": {
            "mean": 0.35760747131372717,
            "std": 0.08701608765089389
        },
        "complexity": {
            "mean": 113.08471371459962,
            "std": 12.511575445643636
        },
        "sparsity": {
            "mean": 2.00854305267334,
            "std": 0.22928875244012245
        }
    }
}