{
    "ours": {
        "avg-drop": {
            "mean": 0.21047093672124903,
            "std": 0.3070962847839282
        },
        "inc-conf": {
            "mean": 0.35,
            "std": 0.47696960070847283
        },
        "delete-auc": {
            "mean": 0.2476214006296353,
            "std": 0.2563074526611195
        },
        "insert-auc": {
            "mean": 0.3837551116318709,
            "std": 0.2381963902682012
        },
        "complexity": {
            "mean": 57.574140609741214,
            "std": 25.436915780300946
        },
        "sparsity": {
            "mean": 15.019515867710114,
            "std": 7.15017745695701
        }
    },
    "layer-ig": {
        "avg-drop": {
            "mean": 0.48745789834787867,
            "std": 0.43545724644724354
        },
        "inc-conf": {
            "mean": 0.253,
            "std": 0.4347309512790641
        },
        "delete-auc": {
            "mean": 0.1429544585410721,
            "std": 0.19258144326238402
        },
        "insert-auc": {
            "mean": 0.1454481198660547,
            "std": 0.19173468231762347
        },
        "complexity": {
            "mean": 200.1585252380371,
            "std": 17.126983519553498
        },
        "sparsity": {
            "mean": 2.014835078239441,
            "std": 0.1879341502663649
        }
    },
    "saliency": {
        "avg-drop": {
            "mean": 0.8312088378127664,
            "std": 0.31954394897792543
        },
        "inc-conf": {
            "mean": 0.058,
            "std": 0.23374344910606587
        },
        "delete-auc": {
            "mean": 0.19700361801877717,
            "std": 0.2006296625360527
        },
        "insert-auc": {
            "mean": 0.427565750574554,
            "std": 0.1656304164244925
        },
        "complexity": {
            "mean": 11.912385871171951,
            "std": 4.8962465279921785
        },
        "sparsity": {
            "mean": 90.99464467048645,
            "std": 83.11473492919396
        }
    },
    "deeplift": {
        "avg-drop": {
            "mean": 0.5809092330915809,
            "std": 0.43190520473905214
        },
        "inc-conf": {
            "mean": 0.206,
            "std": 0.4044304637388237
        },
        "delete-auc": {
            "mean": 0.1631948042640655,
            "std": 0.19984658131089622
        },
        "insert-auc": {
            "mean": 0.16034773828383964,
            "std": 0.19601529030518564
        },
        "complexity": {
            "mean": 200.2365315246582,
            "std": 12.77021474745747
        },
        "sparsity": {
            "mean": 2.0062678565979004,
            "std": 0.12606256227773863
        }
    },
    "deeplift-shap": {
        "avg-drop": {
            "mean": 0.5840712551983597,
            "std": 0.4323423615134049
        },
        "inc-conf": {
            "mean": 0.215,
            "std": 0.41082234603292944
        },
        "delete-auc": {
            "mean": 0.16402305832685415,
            "std": 0.20220470608387653
        },
        "insert-auc": {
            "mean": 0.1628881835262424,
            "std": 0.1987824521090867
        },
        "complexity": {
            "mean": 200.6618650970459,
            "std": 12.717584953905952
        },
        "sparsity": {
            "mean": 2.001975330591202,
            "std": 0.12619919379365224
        }
    },
    "gradient-shap": {
        "avg-drop": {
            "mean": 0.5380295835083779,
            "std": 0.432181607405258
        },
        "inc-conf": {
            "mean": 0.231,
            "std": 0.4214724190264412
        },
        "delete-auc": {
            "mean": 0.14873046756526237,
            "std": 0.1958447728679851
        },
        "insert-auc": {
            "mean": 0.14023107860435596,
            "std": 0.1971725114325028
        },
        "complexity": {
            "mean": 198.53863926696778,
            "std": 13.697088638418883
        },
        "sparsity": {
            "mean": 2.025920876502991,
            "std": 0.1478448154275055
        }
    },
    "guided-backprop": {
        "avg-drop": {
            "mean": 0.5067635924725578,
            "std": 0.41577997305678377
        },
        "inc-conf": {
            "mean": 0.197,
            "std": 0.3977323220458705
        },
        "delete-auc": {
            "mean": 0.1798007140124253,
            "std": 0.20211550316028437
        },
        "insert-auc": {
            "mean": 0.17449033216623658,
            "std": 0.2017256331869847
        },
        "complexity": {
            "mean": 200.0929620666504,
            "std": 10.899007066048666
        },
        "sparsity": {
            "mean": 2.0061784753799436,
            "std": 0.11019981744206098
        }
    }
}