{
    "ours": {
        "avg-drop": {
            "mean": 0.25584003461897376,
            "std": 0.3590234105226433
        },
        "inc-conf": {
            "mean": 0.32,
            "std": 0.46647615158762396
        },
        "delete-auc": {
            "mean": 0.4620775029047898,
            "std": 0.36894845688501177
        },
        "insert-auc": {
            "mean": 0.7544184054552288,
            "std": 0.22277636615153923
        },
        "complexity": {
            "mean": 3.3694355204105375,
            "std": 1.0186139543766766
        },
        "sparsity": {
            "mean": 63.76465082836151,
            "std": 54.0982088190286
        }
    },
    "layer-ig": {
        "avg-drop": {
            "mean": 0.09757048480212688,
            "std": 0.22413275552679301
        },
        "inc-conf": {
            "mean": 0.663,
            "std": 0.47268488446321194
        },
        "delete-auc": {
            "mean": 0.499911957804817,
            "std": 0.308108073037923
        },
        "insert-auc": {
            "mean": 0.7038060297814711,
            "std": 0.3422028910171529
        },
        "complexity": {
            "mean": 320.0181515426636,
            "std": 101.14294749363485
        },
        "sparsity": {
            "mean": 2.227327405333519,
            "std": 0.9679365565651167
        }
    },
    "saliency": {
        "avg-drop": {
            "mean": 0.3931698945462704,
            "std": 0.3932531822678234
        },
        "inc-conf": {
            "mean": 0.252,
            "std": 0.434161260363013
        },
        "delete-auc": {
            "mean": 0.57339867703184,
            "std": 0.25021208566158243
        },
        "insert-auc": {
            "mean": 0.7518252249018701,
            "std": 0.21642553815182097
        },
        "complexity": {
            "mean": 13.110645688533783,
            "std": 2.9818390462862
        },
        "sparsity": {
            "mean": 412.5442877197266,
            "std": 157.2898846835006
        }
    },
    "deeplift": {
        "avg-drop": {
            "mean": 0.11005628515779972,
            "std": 0.22933871034928804
        },
        "inc-conf": {
            "mean": 0.671,
            "std": 0.46984997605618756
        },
        "delete-auc": {
            "mean": 0.49011329859719505,
            "std": 0.29541999137715247
        },
        "insert-auc": {
            "mean": 0.6496649861368068,
            "std": 0.3369486980871432
        },
        "complexity": {
            "mean": 312.727251991272,
            "std": 102.25990083228686
        },
        "sparsity": {
            "mean": 2.3049631512165067,
            "std": 1.0475767003252856
        }
    },
    "deeplift-shap": {
        "avg-drop": {
            "mean": 0.11913291631639003,
            "std": 0.24158369862916576
        },
        "inc-conf": {
            "mean": 0.668,
            "std": 0.47093099282166595
        },
        "delete-auc": {
            "mean": 0.49418434613365364,
            "std": 0.30974800568506944
        },
        "insert-auc": {
            "mean": 0.6615562780664327,
            "std": 0.3518389509876188
        },
        "complexity": {
            "mean": 310.12452837371825,
            "std": 87.28008324593502
        },
        "sparsity": {
            "mean": 2.2315585052967073,
            "std": 0.8395066246269964
        }
    },
    "gradient-shap": {
        "avg-drop": {
            "mean": 0.0940735534131527,
            "std": 0.21516180849002525
        },
        "inc-conf": {
            "mean": 0.657,
            "std": 0.4747114913292073
        },
        "delete-auc": {
            "mean": 0.4644056869539179,
            "std": 0.3421156926806666
        },
        "insert-auc": {
            "mean": 0.6758166420103436,
            "std": 0.38186374835283843
        },
        "complexity": {
            "mean": 299.27235141754153,
            "std": 98.85306102988088
        },
        "sparsity": {
            "mean": 2.400170499444008,
            "std": 1.0328853831004416
        }
    },
    "guided-backprop": {
        "avg-drop": {
            "mean": 0.0193925898373127,
            "std": 0.05431743457980389
        },
        "inc-conf": {
            "mean": 0.48,
            "std": 0.49959983987187184
        },
        "delete-auc": {
            "mean": 0.6862604799367398,
            "std": 0.23493842114545277
        },
        "insert-auc": {
            "mean": 0.6958877064714046,
            "std": 0.23921183784229694
        },
        "complexity": {
            "mean": 311.0674938659668,
            "std": 33.00738038620158
        },
        "sparsity": {
            "mean": 2.039955645918846,
            "std": 0.22697629456847918
        }
    }
}