{
    "ours": {
        "avg-drop": {
            "mean": 0.008165687583386897,
            "std": 0.02824571395433581
        },
        "delete-auc": {
            "mean": 0.044965729744897966,
            "std": 0.03160773765851582
        },
        "complexity": {
            "mean": 159.7852331199646,
            "std": 25.3394559275745
        },
        "sparsity": {
            "mean": 1.9208976080417632,
            "std": 0.884694876866099
        }
    }
}