{
    "ours": {
        "avg-drop": {
            "mean": 0.008864566937088966,
            "std": 0.03009172919141193
        },
        "inc-conf": {
            "mean": 0.4,
            "std": 0.48989794855663565
        },
        "delete-auc": {
            "mean": 0.29638535100842933,
            "std": 0.09921344457315766
        },
        "insert-auc": {
            "mean": 0.5092949216500259,
            "std": 0.08483193459051337
        },
        "complexity": {
            "mean": 157.7133818511963,
            "std": 24.173975813910303
        },
        "sparsity": {
            "mean": 1.9425886291265488,
            "std": 0.7490823600778459
        }
    },
    "layer-ig": {
        "avg-drop": {
            "mean": 0.009262437298893929,
            "std": 0.04508042507571815
        },
        "inc-conf": {
            "mean": 0.496,
            "std": 0.4999839997439918
        },
        "delete-auc": {
            "mean": 0.32129723792589837,
            "std": 0.1134188401202399
        },
        "insert-auc": {
            "mean": 0.39119032744651666,
            "std": 0.09955998619967685
        },
        "complexity": {
            "mean": 109.2080645980835,
            "std": 17.4625477317519
        },
        "sparsity": {
            "mean": 2.113818096876144,
            "std": 0.3826497972373656
        }
    },
    "saliency": {
        "avg-drop": {
            "mean": 0.49809621235728263,
            "std": 0.16953641920963844
        },
        "inc-conf": {
            "mean": 0.006,
            "std": 0.07722693830523131
        },
        "delete-auc": {
            "mean": 0.371973143872674,
            "std": 0.06421565824607318
        },
        "insert-auc": {
            "mean": 0.3667582338353667,
            "std": 0.07142787473575131
        },
        "complexity": {
            "mean": 10.464511691808701,
            "std": 5.067754910067604
        },
        "sparsity": {
            "mean": 73.41453062057495,
            "std": 60.07151068024082
        }
    },
    "deeplift": {
        "avg-drop": {
            "mean": 0.010067703999578953,
            "std": 0.04701545823345854
        },
        "inc-conf": {
            "mean": 0.541,
            "std": 0.498316164698678
        },
        "delete-auc": {
            "mean": 0.3407002481395817,
            "std": 0.09491488309087127
        },
        "insert-auc": {
            "mean": 0.3661792582057055,
            "std": 0.07241896111284575
        },
        "complexity": {
            "mean": 112.384394947052,
            "std": 15.844053081700041
        },
        "sparsity": {
            "mean": 2.0390490494966507,
            "std": 0.3207546470588669
        }
    },
    "deeplift-shap": {
        "avg-drop": {
            "mean": 0.00928305982798338,
            "std": 0.046532288023384494
        },
        "inc-conf": {
            "mean": 0.552,
            "std": 0.4972886485734417
        },
        "delete-auc": {
            "mean": 0.342191113762697,
            "std": 0.09090842447418147
        },
        "insert-auc": {
            "mean": 0.3673447606360727,
            "std": 0.06772517173095835
        },
        "complexity": {
            "mean": 112.33178533554077,
            "std": 16.024783074919085
        },
        "sparsity": {
            "mean": 2.0392601816654206,
            "std": 0.3082037913728685
        }
    },
    "gradient-shap": {
        "avg-drop": {
            "mean": 0.008251094117760658,
            "std": 0.0380398079819807
        },
        "inc-conf": {
            "mean": 0.427,
            "std": 0.494642294997102
        },
        "delete-auc": {
            "mean": 0.33461950159398646,
            "std": 0.09746729180265233
        },
        "insert-auc": {
            "mean": 0.3830735740921241,
            "std": 0.08181326209137887
        },
        "complexity": {
            "mean": 110.72533335113525,
            "std": 14.396550060985117
        },
        "sparsity": {
            "mean": 2.0631684268712998,
            "std": 0.2901732273070092
        }
    },
    "guided-backprop": {
        "avg-drop": {
            "mean": 0.048439577385783195,
            "std": 0.11417827266153588
        },
        "inc-conf": {
            "mean": 0.205,
            "std": 0.40370162248868907
        },
        "delete-auc": {
            "mean": 0.36739034278431576,
            "std": 0.07725210262554581
        },
        "insert-auc": {
            "mean": 0.3588064951944816,
            "std": 0.08458399188682438
        },
        "complexity": {
            "mean": 112.94218338775634,
            "std": 12.531219755531954
        },
        "sparsity": {
            "mean": 2.0112092570066453,
            "std": 0.23002989694142464
        }
    }
}