{
    "ours": {
        "avg-drop": {
            "mean": 0.038320806020085,
            "std": 0.105599093983723
        },
        "inc-conf": {
            "mean": 0.196,
            "std": 0.3969685126052191
        },
        "delete-auc": {
            "mean": 0.29656053005584143,
            "std": 0.11341051361102482
        },
        "insert-auc": {
            "mean": 0.5867718356621789,
            "std": 0.0950875466203473
        },
        "complexity": {
            "mean": 61.95176406478882,
            "std": 18.17776521236244
        },
        "sparsity": {
            "mean": 6.855997971534729,
            "std": 3.523047432285679
        }
    },
    "layer-ig": {
        "avg-drop": {
            "mean": 0.6783519747955724,
            "std": 0.3021284429786251
        },
        "inc-conf": {
            "mean": 0.004,
            "std": 0.063118935352238
        },
        "delete-auc": {
            "mean": 0.36707927979990745,
            "std": 0.06764561263200583
        },
        "insert-auc": {
            "mean": 0.3777016460674753,
            "std": 0.08476285810329709
        },
        "complexity": {
            "mean": 11.062230330944061,
            "std": 3.905822886442661
        },
        "sparsity": {
            "mean": 53.024033851623535,
            "std": 35.770100813753054
        }
    },
    "saliency": {
        "avg-drop": {
            "mean": 0.7673208086639642,
            "std": 0.23528800381451181
        },
        "inc-conf": {
            "mean": 0.006,
            "std": 0.07722693830523131
        },
        "delete-auc": {
            "mean": 0.37413400083546494,
            "std": 0.06262987954457698
        },
        "insert-auc": {
            "mean": 0.36500011637057994,
            "std": 0.06979541758228772
        },
        "complexity": {
            "mean": 10.454731651306153,
            "std": 5.11453483424465
        },
        "sparsity": {
            "mean": 74.82873389816284,
            "std": 60.864048915059705
        }
    },
    "deeplift": {
        "avg-drop": {
            "mean": 0.8236767222136259,
            "std": 0.1824305468432087
        },
        "inc-conf": {
            "mean": 0.002,
            "std": 0.044676615807377355
        },
        "delete-auc": {
            "mean": 0.3763889342519623,
            "std": 0.053127779826880196
        },
        "insert-auc": {
            "mean": 0.3629199853791367,
            "std": 0.06145938328964083
        },
        "complexity": {
            "mean": 9.048979587078094,
            "std": 3.5643607933926256
        },
        "sparsity": {
            "mean": 93.07385825729371,
            "std": 70.70097132193916
        }
    },
    "deeplift-shap": {
        "avg-drop": {
            "mean": 0.8192110114246607,
            "std": 0.18387371828898433
        },
        "inc-conf": {
            "mean": 0.0,
            "std": 0.0
        },
        "delete-auc": {
            "mean": 0.3777349389941214,
            "std": 0.05157258334730952
        },
        "insert-auc": {
            "mean": 0.36297604977075865,
            "std": 0.06109474676455096
        },
        "complexity": {
            "mean": 8.940874128341674,
            "std": 3.5376728867926808
        },
        "sparsity": {
            "mean": 94.01750607299805,
            "std": 71.82175945746334
        }
    },
    "gradient-shap": {
        "avg-drop": {
            "mean": 0.7325192350298166,
            "std": 0.2670767166530654
        },
        "inc-conf": {
            "mean": 0.002,
            "std": 0.044676615807377355
        },
        "delete-auc": {
            "mean": 0.3759149462441364,
            "std": 0.055821911742799143
        },
        "insert-auc": {
            "mean": 0.36943704492738844,
            "std": 0.07384718100768611
        },
        "complexity": {
            "mean": 10.353172739982606,
            "std": 3.5894982289047714
        },
        "sparsity": {
            "mean": 55.37297012329102,
            "std": 36.96313476693988
        }
    },
    "guided-backprop": {
        "avg-drop": {
            "mean": 0.8186080222204327,
            "std": 0.18680263323411167
        },
        "inc-conf": {
            "mean": 0.002,
            "std": 0.044676615807377355
        },
        "delete-auc": {
            "mean": 0.37819867014318564,
            "std": 0.05279098528062575
        },
        "insert-auc": {
            "mean": 0.36559565121469884,
            "std": 0.06829275971991638
        },
        "complexity": {
            "mean": 9.904075996875763,
            "std": 4.046161313431672
        },
        "sparsity": {
            "mean": 77.42573953056335,
            "std": 57.81145148322441
        }
    }
}