{
    "ours": {
        "avg-drop": {
            "mean": 0.04408648343827281,
            "std": 0.17552284919033687
        },
        "inc-conf": {
            "mean": 0.118,
            "std": 0.32260812141048156
        },
        "delete-auc": {
            "mean": 0.3523594525882595,
            "std": 0.20120891797896034
        },
        "insert-auc": {
            "mean": 0.6962954468134701,
            "std": 0.18614386366836866
        },
        "complexity": {
            "mean": 72.15806609344483,
            "std": 16.039729422832306
        },
        "sparsity": {
            "mean": 3.653702817440033,
            "std": 0.665078718603725
        }
    },
    "layer-ig": {
        "avg-drop": {
            "mean": 0.882570489525795,
            "std": 0.09928537407616231
        },
        "inc-conf": {
            "mean": 0.0,
            "std": 0.0
        },
        "delete-auc": {
            "mean": 0.43041945918790864,
            "std": 0.1897653049745545
        },
        "insert-auc": {
            "mean": 0.534854484598702,
            "std": 0.09706119760869676
        },
        "complexity": {
            "mean": 13.09502629852295,
            "std": 4.239752324919868
        },
        "sparsity": {
            "mean": 41.33215399551391,
            "std": 25.579101447352873
        }
    },
    "saliency": {
        "avg-drop": {
            "mean": 0.8839060467481613,
            "std": 0.08481879716948282
        },
        "inc-conf": {
            "mean": 0.0,
            "std": 0.0
        },
        "delete-auc": {
            "mean": 0.4525474783854944,
            "std": 0.17416741026970586
        },
        "insert-auc": {
            "mean": 0.5267320784930732,
            "std": 0.08228046382319598
        },
        "complexity": {
            "mean": 12.980922236442566,
            "std": 7.288810719166111
        },
        "sparsity": {
            "mean": 59.23966640090942,
            "std": 55.8331870296703
        }
    },
    "deeplift": {
        "avg-drop": {
            "mean": 0.8844963411092758,
            "std": 0.09215829619005261
        },
        "inc-conf": {
            "mean": 0.0,
            "std": 0.0
        },
        "delete-auc": {
            "mean": 0.46705434904363446,
            "std": 0.16792057341103273
        },
        "insert-auc": {
            "mean": 0.5336980185693067,
            "std": 0.07327177639063685
        },
        "complexity": {
            "mean": 11.675416281700134,
            "std": 5.014716068072845
        },
        "sparsity": {
            "mean": 65.52932201957702,
            "std": 54.93238633849242
        }
    },
    "deeplift-shap": {
        "avg-drop": {
            "mean": 0.8854057547934353,
            "std": 0.08898016587205079
        },
        "inc-conf": {
            "mean": 0.0,
            "std": 0.0
        },
        "delete-auc": {
            "mean": 0.47402676876420197,
            "std": 0.16453290859441702
        },
        "insert-auc": {
            "mean": 0.5328775282044211,
            "std": 0.07009872407039229
        },
        "complexity": {
            "mean": 11.594632632255554,
            "std": 4.806728912211841
        },
        "sparsity": {
            "mean": 65.10377951622009,
            "std": 54.68748524803819
        }
    },
    "gradient-shap": {
        "avg-drop": {
            "mean": 0.8810603837519884,
            "std": 0.09431147236650864
        },
        "inc-conf": {
            "mean": 0.0,
            "std": 0.0
        },
        "delete-auc": {
            "mean": 0.41652006134606645,
            "std": 0.19036689215458097
        },
        "insert-auc": {
            "mean": 0.5238625847338326,
            "std": 0.09017381513093015
        },
        "complexity": {
            "mean": 15.533354290008544,
            "std": 5.273778977022535
        },
        "sparsity": {
            "mean": 30.5604049949646,
            "std": 22.842724904899786
        }
    },
    "guided-backprop": {
        "avg-drop": {
            "mean": 0.8855353001952171,
            "std": 0.08903767361042186
        },
        "inc-conf": {
            "mean": 0.0,
            "std": 0.0
        },
        "delete-auc": {
            "mean": 0.4439420342424231,
            "std": 0.17898893782763864
        },
        "insert-auc": {
            "mean": 0.5230993826487336,
            "std": 0.06936404898942573
        },
        "complexity": {
            "mean": 13.956956956863403,
            "std": 6.012366834901343
        },
        "sparsity": {
            "mean": 48.69632017707825,
            "std": 41.18665298767969
        }
    }
}