{
    "ours": {
        "avg-drop": {
            "mean": 0.23537632044230122,
            "std": 0.31823938449277367
        },
        "inc-conf": {
            "mean": 0.285,
            "std": 0.4514144437210666
        },
        "delete-auc": {
            "mean": 0.6957619972688738,
            "std": 0.19125161241439692
        },
        "insert-auc": {
            "mean": 0.7962270409669675,
            "std": 0.1792793057473419
        },
        "complexity": {
            "mean": 23.347000657618047,
            "std": 9.508705618679727
        },
        "sparsity": {
            "mean": 31.87815397143364,
            "std": 14.766917138007962
        }
    },
    "layer-ig": {
        "avg-drop": {
            "mean": 0.31982427350143555,
            "std": 0.33640608395407223
        },
        "inc-conf": {
            "mean": 0.2,
            "std": 0.4
        },
        "delete-auc": {
            "mean": 0.7384819700063063,
            "std": 0.166594499104627
        },
        "insert-auc": {
            "mean": 0.7951945702325532,
            "std": 0.2008889556756488
        },
        "complexity": {
            "mean": 8.656913013458253,
            "std": 3.0493517676317463
        },
        "sparsity": {
            "mean": 380.74753051280976,
            "std": 232.9264229979071
        }
    },
    "saliency": {
        "avg-drop": {
            "mean": 0.28148628834023837,
            "std": 0.3549757173115793
        },
        "inc-conf": {
            "mean": 0.29,
            "std": 0.4537620521815371
        },
        "delete-auc": {
            "mean": 0.7297878873928428,
            "std": 0.1659959701690249
        },
        "insert-auc": {
            "mean": 0.8083338875763024,
            "std": 0.20363153196105924
        },
        "complexity": {
            "mean": 14.80064578652382,
            "std": 3.7816733300662375
        },
        "sparsity": {
            "mean": 83.56795294523239,
            "std": 36.71192662730945
        }
    },
    "deeplift": {
        "avg-drop": {
            "mean": 0.3215320444095414,
            "std": 0.3562411251332114
        },
        "inc-conf": {
            "mean": 0.24,
            "std": 0.4270831300812525
        },
        "delete-auc": {
            "mean": 0.7391179606343163,
            "std": 0.1647629862732909
        },
        "insert-auc": {
            "mean": 0.7824395486997446,
            "std": 0.20288839970065936
        },
        "complexity": {
            "mean": 8.914355827569961,
            "std": 2.6730936297749808
        },
        "sparsity": {
            "mean": 293.4751529121399,
            "std": 127.06816128064312
        }
    },
    "deeplift-shap": {
        "avg-drop": {
            "mean": 0.28903872739188957,
            "std": 0.3587943168151576
        },
        "inc-conf": {
            "mean": 0.28,
            "std": 0.44899888641287294
        },
        "delete-auc": {
            "mean": 0.738113898707839,
            "std": 0.1590843452174632
        },
        "insert-auc": {
            "mean": 0.7888423976589296,
            "std": 0.20933142676191102
        },
        "complexity": {
            "mean": 9.67714763045311,
            "std": 2.8887266914791727
        },
        "sparsity": {
            "mean": 272.67373614788056,
            "std": 170.26387051452053
        }
    },
    "gradient-shap": {
        "avg-drop": {
            "mean": 0.2851044728101988,
            "std": 0.36954190236825957
        },
        "inc-conf": {
            "mean": 0.265,
            "std": 0.4413332074521472
        },
        "delete-auc": {
            "mean": 0.7354475128805338,
            "std": 0.17280137400522516
        },
        "insert-auc": {
            "mean": 0.7913824130032614,
            "std": 0.2048750955804091
        },
        "complexity": {
            "mean": 8.443859291672707,
            "std": 2.402795755495037
        },
        "sparsity": {
            "mean": 262.8542630815506,
            "std": 187.9651206843313
        }
    },
    "guided-backprop": {
        "avg-drop": {
            "mean": 0.28148628834023837,
            "std": 0.3549757173115793
        },
        "inc-conf": {
            "mean": 0.29,
            "std": 0.4537620521815371
        },
        "delete-auc": {
            "mean": 0.7297878873928428,
            "std": 0.1659959701690249
        },
        "insert-auc": {
            "mean": 0.8083338875763024,
            "std": 0.20363153196105924
        },
        "complexity": {
            "mean": 14.80064578652382,
            "std": 3.7816733300662375
        },
        "sparsity": {
            "mean": 83.56795294523239,
            "std": 36.71192662730945
        }
    }
}