{
    "ours": {
        "avg-drop": {
            "mean": 0.19140511581997272,
            "std": 0.29859599458646857
        },
        "inc-conf": {
            "mean": 0.344,
            "std": 0.47504105085771264
        },
        "delete-auc": {
            "mean": 0.26950929190816886,
            "std": 0.27474418985485927
        },
        "insert-auc": {
            "mean": 0.3865584816010735,
            "std": 0.2593988824341212
        },
        "complexity": {
            "mean": 112.03640292358398,
            "std": 7.208052857613057
        },
        "sparsity": {
            "mean": 6.107054021835327,
            "std": 1.0183562152746817
        }
    },
    "layer-ig": {
        "avg-drop": {
            "mean": 0.8495049638487399,
            "std": 0.31577771880518996
        },
        "inc-conf": {
            "mean": 0.062,
            "std": 0.24115555146004825
        },
        "delete-auc": {
            "mean": 0.15187583670961124,
            "std": 0.17536017395347775
        },
        "insert-auc": {
            "mean": 0.42034748266563876,
            "std": 0.15877469794691312
        },
        "complexity": {
            "mean": 10.27377110338211,
            "std": 3.6499596827702203
        },
        "sparsity": {
            "mean": 108.0323963546753,
            "std": 61.87833459768624
        }
    },
    "saliency": {
        "avg-drop": {
            "mean": 0.830253125956282,
            "std": 0.32725646277208337
        },
        "inc-conf": {
            "mean": 0.06,
            "std": 0.23748684174075835
        },
        "delete-auc": {
            "mean": 0.18793264445475427,
            "std": 0.20029770192126942
        },
        "insert-auc": {
            "mean": 0.42645495894517954,
            "std": 0.16825117960184222
        },
        "complexity": {
            "mean": 12.200936023235322,
            "std": 5.028065665362391
        },
        "sparsity": {
            "mean": 87.52030076217652,
            "std": 77.43587797507664
        }
    },
    "deeplift": {
        "avg-drop": {
            "mean": 0.8368259166032076,
            "std": 0.32419355834725555
        },
        "inc-conf": {
            "mean": 0.05,
            "std": 0.21794494717703364
        },
        "delete-auc": {
            "mean": 0.17102035800684004,
            "std": 0.1926208056024465
        },
        "insert-auc": {
            "mean": 0.4250051034512507,
            "std": 0.15727601785666132
        },
        "complexity": {
            "mean": 9.42093564605713,
            "std": 3.4291299210700714
        },
        "sparsity": {
            "mean": 135.64897912216188,
            "std": 118.01285227234972
        }
    },
    "deeplift-shap": {
        "avg-drop": {
            "mean": 0.8410031179917278,
            "std": 0.31830838321150284
        },
        "inc-conf": {
            "mean": 0.05,
            "std": 0.21794494717703364
        },
        "delete-auc": {
            "mean": 0.17038783759077183,
            "std": 0.19001260612338328
        },
        "insert-auc": {
            "mean": 0.42577517323971936,
            "std": 0.15901096054662672
        },
        "complexity": {
            "mean": 9.405530877113343,
            "std": 3.584363771170529
        },
        "sparsity": {
            "mean": 137.42426276016235,
            "std": 120.39613906029572
        }
    },
    "gradient-shap": {
        "avg-drop": {
            "mean": 0.8257502362914383,
            "std": 0.3242218813285285
        },
        "inc-conf": {
            "mean": 0.038,
            "std": 0.19119623427254
        },
        "delete-auc": {
            "mean": 0.14639718135264707,
            "std": 0.17791975770374863
        },
        "insert-auc": {
            "mean": 0.4257489259762162,
            "std": 0.1729510812326682
        },
        "complexity": {
            "mean": 12.198520557880402,
            "std": 4.140270515111248
        },
        "sparsity": {
            "mean": 73.71756761550904,
            "std": 47.401481115337
        }
    },
    "guided-backprop": {
        "avg-drop": {
            "mean": 0.8302533101793379,
            "std": 0.327256143805329
        },
        "inc-conf": {
            "mean": 0.06,
            "std": 0.23748684174075835
        },
        "delete-auc": {
            "mean": 0.18792938430951944,
            "std": 0.20029987050765408
        },
        "insert-auc": {
            "mean": 0.4264636658988402,
            "std": 0.16826845064906593
        },
        "complexity": {
            "mean": 12.200969756126403,
            "std": 5.028104921076437
        },
        "sparsity": {
            "mean": 87.52018183517455,
            "std": 77.43597177266635
        }
    }
}