{
    "ours": {
        "avg-drop": {
            "mean": 0.17057223309646816,
            "std": 0.28087595327535503
        },
        "inc-conf": {
            "mean": 0.361,
            "std": 0.4802905370710524
        },
        "delete-auc": {
            "mean": 0.2849667084395261,
            "std": 0.2775345901654341
        },
        "insert-auc": {
            "mean": 0.4005292207226059,
            "std": 0.26238298870803595
        },
        "complexity": {
            "mean": 111.84841570281982,
            "std": 7.08782333451488
        },
        "sparsity": {
            "mean": 6.153415134906769,
            "std": 0.9959438243854395
        }
    },
    "layer-ig": {
        "avg-drop": {
            "mean": 0.4669280993232314,
            "std": 0.42789043844565006
        },
        "inc-conf": {
            "mean": 0.261,
            "std": 0.43917991757365227
        },
        "delete-auc": {
            "mean": 0.1418186647585147,
            "std": 0.19111035537246088
        },
        "insert-auc": {
            "mean": 0.1453510021403124,
            "std": 0.19277476613026165
        },
        "complexity": {
            "mean": 201.03202462005615,
            "std": 17.09813912562412
        },
        "sparsity": {
            "mean": 2.005587049484253,
            "std": 0.18185937533491384
        }
    },
    "saliency": {
        "avg-drop": {
            "mean": 0.8319084824221209,
            "std": 0.318414453571394
        },
        "inc-conf": {
            "mean": 0.058,
            "std": 0.23374344910606587
        },
        "delete-auc": {
            "mean": 0.1955608240313088,
            "std": 0.1999374170291531
        },
        "insert-auc": {
            "mean": 0.4278568438509022,
            "std": 0.16570029370697822
        },
        "complexity": {
            "mean": 12.105662316560744,
            "std": 5.0035028348214485
        },
        "sparsity": {
            "mean": 88.35569725227356,
            "std": 75.20844825275101
        }
    },
    "deeplift": {
        "avg-drop": {
            "mean": 0.5476034172970394,
            "std": 0.43245121390797414
        },
        "inc-conf": {
            "mean": 0.223,
            "std": 0.4162583332499183
        },
        "delete-auc": {
            "mean": 0.16209340311332415,
            "std": 0.19881974906037295
        },
        "insert-auc": {
            "mean": 0.16142113330546223,
            "std": 0.1969387590435261
        },
        "complexity": {
            "mean": 200.77653257751464,
            "std": 12.951668035108892
        },
        "sparsity": {
            "mean": 2.001055189371109,
            "std": 0.12719084641566356
        }
    },
    "deeplift-shap": {
        "avg-drop": {
            "mean": 0.5527964948278241,
            "std": 0.43269294202800407
        },
        "inc-conf": {
            "mean": 0.232,
            "std": 0.4221089906647335
        },
        "delete-auc": {
            "mean": 0.16270726190756243,
            "std": 0.2004087528303451
        },
        "insert-auc": {
            "mean": 0.16244138814576342,
            "std": 0.19797014984790587
        },
        "complexity": {
            "mean": 200.9092568359375,
            "std": 12.663974537392654
        },
        "sparsity": {
            "mean": 1.9993672831058502,
            "std": 0.12433835640966412
        }
    },
    "gradient-shap": {
        "avg-drop": {
            "mean": 0.5204714873913872,
            "std": 0.4290905886836489
        },
        "inc-conf": {
            "mean": 0.241,
            "std": 0.4276903085177405
        },
        "delete-auc": {
            "mean": 0.14976626194576478,
            "std": 0.19659595739961483
        },
        "insert-auc": {
            "mean": 0.1396376188474617,
            "std": 0.19768073414192106
        },
        "complexity": {
            "mean": 199.0792194519043,
            "std": 13.52530543508243
        },
        "sparsity": {
            "mean": 2.0199832957983017,
            "std": 0.1430631870800921
        }
    },
    "guided-backprop": {
        "avg-drop": {
            "mean": 0.4984101672383258,
            "std": 0.41755688030793875
        },
        "inc-conf": {
            "mean": 0.208,
            "std": 0.4058768286069064
        },
        "delete-auc": {
            "mean": 0.18090300230818576,
            "std": 0.20326159159364043
        },
        "insert-auc": {
            "mean": 0.17028419898974917,
            "std": 0.20004208617812175
        },
        "complexity": {
            "mean": 200.11783003234862,
            "std": 10.930189730461516
        },
        "sparsity": {
            "mean": 2.0060189840793607,
            "std": 0.11082104862941422
        }
    }
}