{
    "f1_macro": 0.9882491739169263,
    "f1_micro": 0.99,
    "attribution": {
        "ours": {
            "iou": 0.5534873008728027
        },
        "layer-ig": {
            "iou": 0.3452458381652832
        },
        "saliency": {
            "iou": 0.345493346452713
        },
        "deeplift": {
            "iou": 0.34509897232055664
        },
        "deeplift-shap": {
            "iou": 0.345094233751297
        },
        "gradient-shap": {
            "iou": 0.3449782431125641
        },
        "guided-backprop": {
            "iou": 0.3451446294784546
        }
    }
}