{
    "f1_macro": 0.9830747408835996,
    "f1_micro": 0.9852820932134096,
    "attribution": {
        "ours": {
            "iou": 0.5527056455612183
        },
        "layer-ig": {
            "iou": 0.3461644649505615
        },
        "saliency": {
            "iou": 0.3506968915462494
        },
        "deeplift": {
            "iou": 0.3241702914237976
        },
        "deeplift-shap": {
            "iou": 0.31716233491897583
        },
        "gradient-shap": {
            "iou": 0.33889976143836975
        },
        "guided-backprop": {
            "iou": 0.32342347502708435
        }
    }
}