{
    "ours": {
        "avg-drop": {
            "mean": 0.023201813712716103,
            "std": 0.03671058227280917
        },
        "inc-conf": {
            "mean": 0.079,
            "std": 0.26973876250921003
        },
        "delete-auc": {
            "mean": 0.24923822611482133,
            "std": 0.047064054770127484
        },
        "insert-auc": {
            "mean": 0.51002088806188,
            "std": 0.09218252046731472
        },
        "complexity": {
            "mean": 73.94356611442566,
            "std": 13.541629165818701
        },
        "sparsity": {
            "mean": 7.294049938678741,
            "std": 2.2787897082882864
        }
    },
    "layer-ig": {
        "avg-drop": {
            "mean": 0.014719240441918373,
            "std": 0.050605414185476455
        },
        "inc-conf": {
            "mean": 0.358,
            "std": 0.47941214002150595
        },
        "delete-auc": {
            "mean": 0.28737474890404585,
            "std": 0.07193074525970382
        },
        "insert-auc": {
            "mean": 0.36810919235825573,
            "std": 0.07845073926013518
        },
        "complexity": {
            "mean": 109.09572999954224,
            "std": 17.828395100968986
        },
        "sparsity": {
            "mean": 2.12005426967144,
            "std": 0.4115737635284621
        }
    },
    "saliency": {
        "avg-drop": {
            "mean": 0.3159350800216198,
            "std": 0.12500196879021638
        },
        "inc-conf": {
            "mean": 0.006,
            "std": 0.0772269383052313
        },
        "delete-auc": {
            "mean": 0.3200155331397021,
            "std": 0.06471488828481706
        },
        "insert-auc": {
            "mean": 0.3857054134258053,
            "std": 0.07911527354387626
        },
        "complexity": {
            "mean": 10.691317958831787,
            "std": 5.180627268728735
        },
        "sparsity": {
            "mean": 73.17225508880615,
            "std": 62.605611407850695
        }
    },
    "deeplift": {
        "avg-drop": {
            "mean": 0.04589544804394245,
            "std": 0.09753605082263571
        },
        "inc-conf": {
            "mean": 0.32,
            "std": 0.46647615158762396
        },
        "delete-auc": {
            "mean": 0.3159197080713396,
            "std": 0.07278028910248065
        },
        "insert-auc": {
            "mean": 0.33606992319069295,
            "std": 0.06351841757423934
        },
        "complexity": {
            "mean": 111.56140579223633,
            "std": 16.353121865948285
        },
        "sparsity": {
            "mean": 2.059680921792984,
            "std": 0.35189536469468524
        }
    },
    "deeplift-shap": {
        "avg-drop": {
            "mean": 0.04209750851988792,
            "std": 0.09263881665138551
        },
        "inc-conf": {
            "mean": 0.327,
            "std": 0.46911725613112976
        },
        "delete-auc": {
            "mean": 0.31703832696294193,
            "std": 0.07267201256416296
        },
        "insert-auc": {
            "mean": 0.33712589376972446,
            "std": 0.06294594377773788
        },
        "complexity": {
            "mean": 112.30255624008178,
            "std": 15.895136187388397
        },
        "sparsity": {
            "mean": 2.0417011740207673,
            "std": 0.33175036964579807
        }
    },
    "gradient-shap": {
        "avg-drop": {
            "mean": 0.014052867516875267,
            "std": 0.04657855453218365
        },
        "inc-conf": {
            "mean": 0.31,
            "std": 0.462493243193887
        },
        "delete-auc": {
            "mean": 0.2967942637931528,
            "std": 0.07311860385390802
        },
        "insert-auc": {
            "mean": 0.354008841459533,
            "std": 0.06875715162237839
        },
        "complexity": {
            "mean": 110.73117851638794,
            "std": 15.057115928400183
        },
        "sparsity": {
            "mean": 2.0655499970912934,
            "std": 0.3061226852758479
        }
    },
    "guided-backprop": {
        "avg-drop": {
            "mean": 0.08955689391493797,
            "std": 0.14251355258114395
        },
        "inc-conf": {
            "mean": 0.129,
            "std": 0.33519994033412354
        },
        "delete-auc": {
            "mean": 0.33548894719806477,
            "std": 0.06396366367904566
        },
        "insert-auc": {
            "mean": 0.32901902918409587,
            "std": 0.0683980090109997
        },
        "complexity": {
            "mean": 111.24555848693848,
            "std": 13.294904457592194
        },
        "sparsity": {
            "mean": 2.0457045480012894,
            "std": 0.2507835238941188
        }
    }
}