{
    "ours": {
        "avg-drop": {
            "mean": 0.07434115264480852,
            "std": 0.1224773206976788
        },
        "inc-conf": {
            "mean": 0.29,
            "std": 0.4537620521815371
        },
        "delete-auc": {
            "mean": 0.6600360187591287,
            "std": 0.12853195774522017
        },
        "insert-auc": {
            "mean": 0.666831651841912,
            "std": 0.13622229302236324
        },
        "complexity": {
            "mean": 7.692943294525146,
            "std": 0.332899928371593
        },
        "sparsity": {
            "mean": 3.047328568935394,
            "std": 0.3047709454767551
        }
    },
    "layer-ig": {
        "avg-drop": {
            "mean": 0.3781297648102045,
            "std": 0.1978523787780161
        },
        "inc-conf": {
            "mean": 0.078,
            "std": 0.26817158686184484
        },
        "delete-auc": {
            "mean": 0.660104870741226,
            "std": 0.09074300132166112
        },
        "insert-auc": {
            "mean": 0.6699641476314689,
            "std": 0.10284308327737451
        },
        "complexity": {
            "mean": 3.8377367227077483,
            "std": 1.7448586987115853
        },
        "sparsity": {
            "mean": 898.4860295410156,
            "std": 1262.5635868299428
        }
    },
    "saliency": {
        "avg-drop": {
            "mean": 0.38070047022402287,
            "std": 0.1886579151912698
        },
        "inc-conf": {
            "mean": 0.066,
            "std": 0.24828209762284512
        },
        "delete-auc": {
            "mean": 0.6560550125401673,
            "std": 0.10135760091836166
        },
        "insert-auc": {
            "mean": 0.6727247231353749,
            "std": 0.09021996132844294
        },
        "complexity": {
            "mean": 16.806861525535584,
            "std": 5.939917870802692
        },
        "sparsity": {
            "mean": 103.60793226623535,
            "std": 88.51869063822811
        }
    },
    "deeplift": {
        "avg-drop": {
            "mean": 0.38263415961153807,
            "std": 0.1964151356224044
        },
        "inc-conf": {
            "mean": 0.07,
            "std": 0.25514701644346144
        },
        "delete-auc": {
            "mean": 0.6626215331234183,
            "std": 0.09097515032479687
        },
        "insert-auc": {
            "mean": 0.6691515127246946,
            "std": 0.09473988429606216
        },
        "complexity": {
            "mean": 2.7408046576976774,
            "std": 1.166721073874214
        },
        "sparsity": {
            "mean": 1439.2007582397462,
            "std": 1673.9497089184829
        }
    },
    "deeplift-shap": {
        "avg-drop": {
            "mean": 0.382538576069288,
            "std": 0.19716274085150948
        },
        "inc-conf": {
            "mean": 0.07,
            "std": 0.25514701644346144
        },
        "delete-auc": {
            "mean": 0.659756581194665,
            "std": 0.0936978746027981
        },
        "insert-auc": {
            "mean": 0.66968254263233,
            "std": 0.0940130186978508
        },
        "complexity": {
            "mean": 4.657112395763397,
            "std": 2.202771574254381
        },
        "sparsity": {
            "mean": 693.7745187530518,
            "std": 869.3668609873946
        }
    },
    "gradient-shap": {
        "avg-drop": {
            "mean": 0.3816465522618964,
            "std": 0.19681055867433722
        },
        "inc-conf": {
            "mean": 0.078,
            "std": 0.26817158686184484
        },
        "delete-auc": {
            "mean": 0.6570161502120163,
            "std": 0.09460937150907854
        },
        "insert-auc": {
            "mean": 0.6690612377661923,
            "std": 0.09561137951148627
        },
        "complexity": {
            "mean": 5.426128904819489,
            "std": 2.9043094584970666
        },
        "sparsity": {
            "mean": 534.2193132171631,
            "std": 739.4297097560035
        }
    },
    "guided-backprop": {
        "avg-drop": {
            "mean": 0.38070047022402287,
            "std": 0.1886579151912698
        },
        "inc-conf": {
            "mean": 0.066,
            "std": 0.24828209762284512
        },
        "delete-auc": {
            "mean": 0.6560550125401673,
            "std": 0.10135760091836166
        },
        "insert-auc": {
            "mean": 0.6727247231353749,
            "std": 0.09021996132844294
        },
        "complexity": {
            "mean": 16.806861525535584,
            "std": 5.939917870802692
        },
        "sparsity": {
            "mean": 103.60793226623535,
            "std": 88.51869063822811
        }
    }
}