{
    "ours": {
        "avg-drop": {
            "mean": 0.07539740988692654,
            "std": 0.12491786384291122
        },
        "inc-conf": {
            "mean": 0.261,
            "std": 0.43917991757365227
        },
        "delete-auc": {
            "mean": 0.6625452423161405,
            "std": 0.12769248815950793
        },
        "insert-auc": {
            "mean": 0.667607115120021,
            "std": 0.13637050861681568
        },
        "complexity": {
            "mean": 7.708652436733246,
            "std": 0.3388034173079249
        },
        "sparsity": {
            "mean": 3.0801330614089966,
            "std": 1.632493114792962
        }
    },
    "layer-ig": {
        "avg-drop": {
            "mean": 0.07130241925363225,
            "std": 0.21903816268909862
        },
        "inc-conf": {
            "mean": 0.861,
            "std": 0.3459465276599839
        },
        "delete-auc": {
            "mean": 0.556110281043115,
            "std": 0.17090794006553234
        },
        "insert-auc": {
            "mean": 0.7108911691683072,
            "std": 0.14351390285481994
        },
        "complexity": {
            "mean": 335.17754497528074,
            "std": 103.54449743011071
        },
        "sparsity": {
            "mean": 2.148723493337631,
            "std": 1.0610643752984166
        }
    },
    "saliency": {
        "avg-drop": {
            "mean": 0.3905342650413513,
            "std": 0.18476688691862161
        },
        "inc-conf": {
            "mean": 0.062,
            "std": 0.24115555146004825
        },
        "delete-auc": {
            "mean": 0.6570493734694964,
            "std": 0.09920593250356471
        },
        "insert-auc": {
            "mean": 0.6742929923549241,
            "std": 0.08877829403883673
        },
        "complexity": {
            "mean": 16.592448119640352,
            "std": 5.934676620065697
        },
        "sparsity": {
            "mean": 104.41640374565125,
            "std": 85.75396995931807
        }
    },
    "deeplift": {
        "avg-drop": {
            "mean": 0.07408490807453154,
            "std": 0.18882947038893147
        },
        "inc-conf": {
            "mean": 0.766,
            "std": 0.423372176695635
        },
        "delete-auc": {
            "mean": 0.6004478014262659,
            "std": 0.15249622880936656
        },
        "insert-auc": {
            "mean": 0.6895920574146392,
            "std": 0.107662174773243
        },
        "complexity": {
            "mean": 323.7031286468506,
            "std": 123.18606013298772
        },
        "sparsity": {
            "mean": 2.3592951637506485,
            "std": 1.26416170029433
        }
    },
    "deeplift-shap": {
        "avg-drop": {
            "mean": 0.08022901866250459,
            "std": 0.21674150914065365
        },
        "inc-conf": {
            "mean": 0.8,
            "std": 0.4
        },
        "delete-auc": {
            "mean": 0.5560234808707964,
            "std": 0.17237223322837214
        },
        "insert-auc": {
            "mean": 0.7008181011388629,
            "std": 0.12845340734425986
        },
        "complexity": {
            "mean": 323.8121428451538,
            "std": 116.52249729013643
        },
        "sparsity": {
            "mean": 2.314033951163292,
            "std": 1.2315859250892929
        }
    },
    "gradient-shap": {
        "avg-drop": {
            "mean": 0.07474894932595748,
            "std": 0.20573253444962517
        },
        "inc-conf": {
            "mean": 0.8,
            "std": 0.4
        },
        "delete-auc": {
            "mean": 0.541177397542806,
            "std": 0.18189373014394097
        },
        "insert-auc": {
            "mean": 0.7160362260839467,
            "std": 0.13998392686142705
        },
        "complexity": {
            "mean": 312.24266161727905,
            "std": 119.44142235532502
        },
        "sparsity": {
            "mean": 2.5194438598155977,
            "std": 1.7267992620146881
        }
    },
    "guided-backprop": {
        "avg-drop": {
            "mean": 0.030453716488843555,
            "std": 0.08110658885513533
        },
        "inc-conf": {
            "mean": 0.462,
            "std": 0.4985539088203
        },
        "delete-auc": {
            "mean": 0.6675656396735535,
            "std": 0.10537239938086923
        },
        "insert-auc": {
            "mean": 0.6730336662324972,
            "std": 0.10257931173223442
        },
        "complexity": {
            "mean": 316.11220735168456,
            "std": 46.54288270377345
        },
        "sparsity": {
            "mean": 2.0309097353219987,
            "std": 0.3232459710477845
        }
    }
}