{
    "ours": {
        "avg-drop": {
            "mean": 0.25989724492654204,
            "std": 0.2916493771906237
        },
        "delete-auc": {
            "mean": 1.001982522610989,
            "std": 0.8024858423477426
        },
        "complexity": {
            "mean": 7.708652436733246,
            "std": 0.3388034173079249
        },
        "sparsity": {
            "mean": 3.0801330614089966,
            "std": 1.632493114792962
        }
    },
    "layer-ig": {
        "avg-drop": {
            "mean": 0.23406638688221573,
            "std": 0.607637445263841
        },
        "delete-auc": {
            "mean": 0.8535580797367212,
            "std": 0.8135150425907625
        },
        "complexity": {
            "mean": 278.2792844085693,
            "std": 109.9047588366671
        },
        "sparsity": {
            "mean": 2.745996952533722,
            "std": 1.5026088105993094
        }
    },
    "saliency": {
        "avg-drop": {
            "mean": 1.4377669796347619,
            "std": 1.1981539367282352
        },
        "delete-auc": {
            "mean": 1.3612030074641934,
            "std": 1.1386658035617874
        },
        "complexity": {
            "mean": 16.592447889328003,
            "std": 5.934676329502917
        },
        "sparsity": {
            "mean": 104.4163994255066,
            "std": 85.75397327989312
        }
    },
    "deeplift": {
        "avg-drop": {
            "mean": 0.20529567511379718,
            "std": 0.5203150432728351
        },
        "delete-auc": {
            "mean": 0.7162032641404206,
            "std": 0.6806318163192898
        },
        "complexity": {
            "mean": 323.70314495849607,
            "std": 123.18606459630138
        },
        "sparsity": {
            "mean": 2.3592950755357744,
            "std": 1.2641617795776545
        }
    },
    "deeplift-shap": {
        "avg-drop": {
            "mean": 0.2037374954521656,
            "std": 0.5447705022637802
        },
        "delete-auc": {
            "mean": 0.727427060806296,
            "std": 0.6752340952272173
        },
        "complexity": {
            "mean": 323.81214838409426,
            "std": 116.52249230969365
        },
        "sparsity": {
            "mean": 2.3140338497161865,
            "std": 1.2315856042277087
        }
    },
    "gradient-shap": {
        "avg-drop": {
            "mean": 0.17357220812141896,
            "std": 0.4860155093744427
        },
        "delete-auc": {
            "mean": 0.7320955009421127,
            "std": 0.6802390715859843
        },
        "complexity": {
            "mean": 312.2426635971069,
            "std": 119.44142166407828
        },
        "sparsity": {
            "mean": 2.5194437296390535,
            "std": 1.7267987555902202
        }
    },
    "guided-backprop": {
        "avg-drop": {
            "mean": 0.08940076856687665,
            "std": 0.15617045296606066
        },
        "delete-auc": {
            "mean": 0.737455060451188,
            "std": 0.6142191322338291
        },
        "complexity": {
            "mean": 316.1122021026611,
            "std": 46.542886096250896
        },
        "sparsity": {
            "mean": 2.030909781694412,
            "std": 0.32324604087940506
        }
    }
}