{
    "ours": {
        "avg-drop": {
            "mean": 0.1291426588320303,
            "std": 0.28144179619298365
        },
        "inc-conf": {
            "mean": 0.14,
            "std": 0.34698703145794946
        },
        "delete-auc": {
            "mean": 0.37180184781788195,
            "std": 0.20774814695315377
        },
        "insert-auc": {
            "mean": 0.710068800242943,
            "std": 0.191111196357438
        },
        "complexity": {
            "mean": 63.30057851219177,
            "std": 25.671554188691964
        },
        "sparsity": {
            "mean": 20.993858287334444,
            "std": 38.465714953916304
        }
    },
    "layer-ig": {
        "avg-drop": {
            "mean": 0.8816305137574673,
            "std": 0.10355596834824006
        },
        "inc-conf": {
            "mean": 0.0,
            "std": 0.0
        },
        "delete-auc": {
            "mean": 0.42927383005346476,
            "std": 0.19032060947709942
        },
        "insert-auc": {
            "mean": 0.5345314461639983,
            "std": 0.09736206319234461
        },
        "complexity": {
            "mean": 13.181300845146179,
            "std": 4.221886093523236
        },
        "sparsity": {
            "mean": 40.97114476203919,
            "std": 25.708981124340024
        }
    },
    "saliency": {
        "avg-drop": {
            "mean": 0.8845977447032929,
            "std": 0.08479261546969134
        },
        "inc-conf": {
            "mean": 0.0,
            "std": 0.0
        },
        "delete-auc": {
            "mean": 0.4529264968457619,
            "std": 0.17374368958275505
        },
        "insert-auc": {
            "mean": 0.5262271105552556,
            "std": 0.08254977256695584
        },
        "complexity": {
            "mean": 12.95174683380127,
            "std": 7.283781011871058
        },
        "sparsity": {
            "mean": 57.53584300231934,
            "std": 53.636647916985844
        }
    },
    "deeplift": {
        "avg-drop": {
            "mean": 0.8851067564487457,
            "std": 0.09182103267138514
        },
        "inc-conf": {
            "mean": 0.0,
            "std": 0.0
        },
        "delete-auc": {
            "mean": 0.4681977198491486,
            "std": 0.1662683884548522
        },
        "insert-auc": {
            "mean": 0.5341917619133771,
            "std": 0.07497379258640598
        },
        "complexity": {
            "mean": 11.699055383682252,
            "std": 4.951961955564479
        },
        "sparsity": {
            "mean": 63.63118915748596,
            "std": 53.17500616617061
        }
    },
    "deeplift-shap": {
        "avg-drop": {
            "mean": 0.8858750994093716,
            "std": 0.08863551222513459
        },
        "inc-conf": {
            "mean": 0.0,
            "std": 0.0
        },
        "delete-auc": {
            "mean": 0.47498033118696587,
            "std": 0.16355061158936426
        },
        "insert-auc": {
            "mean": 0.5326737660441436,
            "std": 0.07030414102774205
        },
        "complexity": {
            "mean": 11.65039086008072,
            "std": 4.798051677620932
        },
        "sparsity": {
            "mean": 62.98249561500549,
            "std": 52.04819597281177
        }
    },
    "gradient-shap": {
        "avg-drop": {
            "mean": 0.8836055960133672,
            "std": 0.08463864038786165
        },
        "inc-conf": {
            "mean": 0.0,
            "std": 0.0
        },
        "delete-auc": {
            "mean": 0.4287948622041472,
            "std": 0.18680828908686659
        },
        "insert-auc": {
            "mean": 0.5188048363231985,
            "std": 0.07383057379633676
        },
        "complexity": {
            "mean": 15.211490896224976,
            "std": 5.123445895025322
        },
        "sparsity": {
            "mean": 30.70120500946045,
            "std": 20.74333756360088
        }
    },
    "guided-backprop": {
        "avg-drop": {
            "mean": 0.8858852636218071,
            "std": 0.08882758982940742
        },
        "inc-conf": {
            "mean": 0.0,
            "std": 0.0
        },
        "delete-auc": {
            "mean": 0.4446767297791194,
            "std": 0.17806464375235137
        },
        "insert-auc": {
            "mean": 0.5224722874625074,
            "std": 0.06919310303089314
        },
        "complexity": {
            "mean": 13.97744179534912,
            "std": 5.9472090923277365
        },
        "sparsity": {
            "mean": 47.48768439102173,
            "std": 40.41347268945644
        }
    }
}