{
    "ours": {
        "avg-drop": {
            "mean": 0.015808573646920735,
            "std": 0.10467886510219303
        },
        "inc-conf": {
            "mean": 0.426,
            "std": 0.4944936804449578
        },
        "delete-auc": {
            "mean": 0.6085893420160529,
            "std": 0.24417009346537202
        },
        "insert-auc": {
            "mean": 0.7898142124376931,
            "std": 0.21470065402675592
        },
        "complexity": {
            "mean": 64.15710813140869,
            "std": 3.863901012494639
        },
        "sparsity": {
            "mean": 8.168141360282897,
            "std": 0.9057064524898952
        }
    },
    "layer-ig": {
        "avg-drop": {
            "mean": 0.4892293581768035,
            "std": 0.4614089213606081
        },
        "inc-conf": {
            "mean": 0.096,
            "std": 0.2945912422323515
        },
        "delete-auc": {
            "mean": 0.5268897334425915,
            "std": 0.2607720106962809
        },
        "insert-auc": {
            "mean": 0.6136594809883357,
            "std": 0.2193614090425596
        },
        "complexity": {
            "mean": 12.5169869017601,
            "std": 3.211330821931957
        },
        "sparsity": {
            "mean": 42.38296213150024,
            "std": 17.29593622373061
        }
    },
    "saliency": {
        "avg-drop": {
            "mean": 0.673558223241616,
            "std": 0.45703388463726424
        },
        "inc-conf": {
            "mean": 0.172,
            "std": 0.3773804446443933
        },
        "delete-auc": {
            "mean": 0.6080306659087196,
            "std": 0.2172357064156857
        },
        "insert-auc": {
            "mean": 0.5945649972037278,
            "std": 0.21924753157027602
        },
        "complexity": {
            "mean": 13.893786979675292,
            "std": 5.230094440493693
        },
        "sparsity": {
            "mean": 37.762069381713864,
            "std": 22.50619189663366
        }
    },
    "deeplift": {
        "avg-drop": {
            "mean": 0.5364914518210117,
            "std": 0.46639699852154676
        },
        "inc-conf": {
            "mean": 0.086,
            "std": 0.2803640490505157
        },
        "delete-auc": {
            "mean": 0.5317872905964286,
            "std": 0.26542359143447863
        },
        "insert-auc": {
            "mean": 0.6081148021534571,
            "std": 0.21794515366873443
        },
        "complexity": {
            "mean": 11.99044896364212,
            "std": 3.136856750106513
        },
        "sparsity": {
            "mean": 44.85528064346313,
            "std": 18.359825429669108
        }
    },
    "deeplift-shap": {
        "avg-drop": {
            "mean": 0.5498719567644512,
            "std": 0.46949574286694634
        },
        "inc-conf": {
            "mean": 0.08,
            "std": 0.2712931993250107
        },
        "delete-auc": {
            "mean": 0.5466941871285231,
            "std": 0.2591893849581103
        },
        "insert-auc": {
            "mean": 0.6077708691042967,
            "std": 0.21732534324580285
        },
        "complexity": {
            "mean": 11.52742204618454,
            "std": 3.1158638104229346
        },
        "sparsity": {
            "mean": 46.76557540512085,
            "std": 19.088127462310315
        }
    },
    "gradient-shap": {
        "avg-drop": {
            "mean": 0.5023068902509417,
            "std": 0.4772755611077396
        },
        "inc-conf": {
            "mean": 0.14,
            "std": 0.34698703145794946
        },
        "delete-auc": {
            "mean": 0.5312642557374638,
            "std": 0.24752715386488708
        },
        "insert-auc": {
            "mean": 0.5999835610807668,
            "std": 0.22123291872077414
        },
        "complexity": {
            "mean": 14.614635600090027,
            "std": 3.8503565621511693
        },
        "sparsity": {
            "mean": 30.95725602722168,
            "std": 12.762913274331884
        }
    },
    "guided-backprop": {
        "avg-drop": {
            "mean": 0.6735560541855552,
            "std": 0.45703262501424186
        },
        "inc-conf": {
            "mean": 0.172,
            "std": 0.3773804446443933
        },
        "delete-auc": {
            "mean": 0.6080421133251661,
            "std": 0.21724013239391418
        },
        "insert-auc": {
            "mean": 0.5945734855202839,
            "std": 0.2192496880593892
        },
        "complexity": {
            "mean": 13.89376869726181,
            "std": 5.23004936000431
        },
        "sparsity": {
            "mean": 37.76173854064941,
            "std": 22.504895716895614
        }
    }
}