{
    "ours": {
        "avg-drop": {
            "mean": 0.22816667204509145,
            "std": 0.30544613201913445
        },
        "inc-conf": {
            "mean": 0.072,
            "std": 0.2584879107424562
        },
        "delete-auc": {
            "mean": 0.4363732979067897,
            "std": 0.1528525564068785
        },
        "insert-auc": {
            "mean": 0.790187831690824,
            "std": 0.16039435819014128
        },
        "complexity": {
            "mean": 27.21025408625603,
            "std": 3.1824323640229526
        },
        "sparsity": {
            "mean": 13.249262867689133,
            "std": 6.584544831926016
        }
    },
    "layer-ig": {
        "avg-drop": {
            "mean": 0.6506251219063998,
            "std": 0.15932848916643896
        },
        "inc-conf": {
            "mean": 0.004,
            "std": 0.063118935352238
        },
        "delete-auc": {
            "mean": 0.6421644881720722,
            "std": 0.0782947974610047
        },
        "insert-auc": {
            "mean": 0.638216442431482,
            "std": 0.08410833786761626
        },
        "complexity": {
            "mean": 9.17995272397995,
            "std": 3.0424363316579455
        },
        "sparsity": {
            "mean": 241.93758618164063,
            "std": 148.17102788725165
        }
    },
    "saliency": {
        "avg-drop": {
            "mean": 0.6361155477203428,
            "std": 0.1645431231958179
        },
        "inc-conf": {
            "mean": 0.004,
            "std": 0.063118935352238
        },
        "delete-auc": {
            "mean": 0.6421399781547075,
            "std": 0.08926175212184552
        },
        "insert-auc": {
            "mean": 0.6503026810591059,
            "std": 0.11852444752263872
        },
        "complexity": {
            "mean": 14.3376194190979,
            "std": 3.6757305459052816
        },
        "sparsity": {
            "mean": 75.89785352420807,
            "std": 36.0506605871577
        }
    },
    "deeplift": {
        "avg-drop": {
            "mean": 0.648148697167635,
            "std": 0.15185590790063677
        },
        "inc-conf": {
            "mean": 0.002,
            "std": 0.044676615807377355
        },
        "delete-auc": {
            "mean": 0.6417220199250466,
            "std": 0.08071416334604532
        },
        "insert-auc": {
            "mean": 0.6344371505103091,
            "std": 0.08130412040606577
        },
        "complexity": {
            "mean": 9.481607105135918,
            "std": 3.0564314412939924
        },
        "sparsity": {
            "mean": 226.929604013443,
            "std": 149.80694458123048
        }
    },
    "deeplift-shap": {
        "avg-drop": {
            "mean": 0.6433548949360848,
            "std": 0.14427381733426187
        },
        "inc-conf": {
            "mean": 0.002,
            "std": 0.044676615807377355
        },
        "delete-auc": {
            "mean": 0.6407766786204823,
            "std": 0.08269453863377636
        },
        "insert-auc": {
            "mean": 0.6383324054700776,
            "std": 0.08224422240987866
        },
        "complexity": {
            "mean": 9.73933975148201,
            "std": 2.865158347603412
        },
        "sparsity": {
            "mean": 187.14072803115846,
            "std": 98.49673370985535
        }
    },
    "gradient-shap": {
        "avg-drop": {
            "mean": 0.646758018732071,
            "std": 0.14916747542947273
        },
        "inc-conf": {
            "mean": 0.004,
            "std": 0.063118935352238
        },
        "delete-auc": {
            "mean": 0.6416016150492746,
            "std": 0.07876265535531354
        },
        "insert-auc": {
            "mean": 0.6397862743229874,
            "std": 0.08953850768005875
        },
        "complexity": {
            "mean": 8.738408588528634,
            "std": 2.534014495869132
        },
        "sparsity": {
            "mean": 192.18750129699708,
            "std": 120.68162963550942
        }
    },
    "guided-backprop": {
        "avg-drop": {
            "mean": 0.6361155477203428,
            "std": 0.1645431231958179
        },
        "inc-conf": {
            "mean": 0.004,
            "std": 0.063118935352238
        },
        "delete-auc": {
            "mean": 0.6421399781547075,
            "std": 0.08926175212184552
        },
        "insert-auc": {
            "mean": 0.6503026810591059,
            "std": 0.11852444752263872
        },
        "complexity": {
            "mean": 14.3376194190979,
            "std": 3.6757305459052816
        },
        "sparsity": {
            "mean": 75.89785352420807,
            "std": 36.0506605871577
        }
    }
}