{
    "ours": {
        "avg-drop": {
            "mean": 0.16736751327168894,
            "std": 0.2810559226847042
        },
        "inc-conf": {
            "mean": 0.382,
            "std": 0.4858765275252551
        },
        "delete-auc": {
            "mean": 0.2882626567690225,
            "std": 0.279499216049521
        },
        "insert-auc": {
            "mean": 0.4031839200345582,
            "std": 0.2608518295359991
        },
        "complexity": {
            "mean": 119.60708772277832,
            "std": 12.266502556904786
        },
        "sparsity": {
            "mean": 5.741133405685424,
            "std": 1.0117977857456901
        }
    },
    "layer-ig": {
        "avg-drop": {
            "mean": 0.47086028992584034,
            "std": 0.42782395991623373
        },
        "inc-conf": {
            "mean": 0.257,
            "std": 0.43697940454900164
        },
        "delete-auc": {
            "mean": 0.14259136593280267,
            "std": 0.1901523298978935
        },
        "insert-auc": {
            "mean": 0.14573542767541828,
            "std": 0.19313149598671253
        },
        "complexity": {
            "mean": 201.31859421539306,
            "std": 17.75644149475357
        },
        "sparsity": {
            "mean": 2.003490097641945,
            "std": 0.18454053311496005
        }
    },
    "saliency": {
        "avg-drop": {
            "mean": 0.8316131200464443,
            "std": 0.3192427542357007
        },
        "inc-conf": {
            "mean": 0.059,
            "std": 0.23562470159132295
        },
        "delete-auc": {
            "mean": 0.19518746853715507,
            "std": 0.20020748323404366
        },
        "insert-auc": {
            "mean": 0.42633520077448533,
            "std": 0.1646979194150687
        },
        "complexity": {
            "mean": 12.148862638711929,
            "std": 5.051138048774335
        },
        "sparsity": {
            "mean": 88.93148266601563,
            "std": 76.61538788685841
        }
    },
    "deeplift": {
        "avg-drop": {
            "mean": 0.5571094089447506,
            "std": 0.42929344511548384
        },
        "inc-conf": {
            "mean": 0.214,
            "std": 0.41012680965769605
        },
        "delete-auc": {
            "mean": 0.16126833562862383,
            "std": 0.19787970233417354
        },
        "insert-auc": {
            "mean": 0.1605845623945553,
            "std": 0.19658323510688513
        },
        "complexity": {
            "mean": 200.6910314178467,
            "std": 12.944203630509442
        },
        "sparsity": {
            "mean": 2.0018799501657485,
            "std": 0.1267804495381914
        }
    },
    "deeplift-shap": {
        "avg-drop": {
            "mean": 0.5621331301915489,
            "std": 0.4297176592531816
        },
        "inc-conf": {
            "mean": 0.222,
            "std": 0.41559114523772045
        },
        "delete-auc": {
            "mean": 0.16222017322066898,
            "std": 0.19937264835281673
        },
        "insert-auc": {
            "mean": 0.16196089503514066,
            "std": 0.19854774029057928
        },
        "complexity": {
            "mean": 200.98799131774902,
            "std": 12.6610550933234
        },
        "sparsity": {
            "mean": 1.9985536099672319,
            "std": 0.12385897267886996
        }
    },
    "gradient-shap": {
        "avg-drop": {
            "mean": 0.523234402246162,
            "std": 0.4276777096953607
        },
        "inc-conf": {
            "mean": 0.238,
            "std": 0.42585913163862055
        },
        "delete-auc": {
            "mean": 0.14824469245333868,
            "std": 0.196608282866757
        },
        "insert-auc": {
            "mean": 0.13931864830770552,
            "std": 0.19664869003013913
        },
        "complexity": {
            "mean": 199.12025961303712,
            "std": 13.582661634427113
        },
        "sparsity": {
            "mean": 2.0196132326126097,
            "std": 0.14324032046898458
        }
    },
    "guided-backprop": {
        "avg-drop": {
            "mean": 0.502117525090217,
            "std": 0.41547035003487565
        },
        "inc-conf": {
            "mean": 0.199,
            "std": 0.399248043201216
        },
        "delete-auc": {
            "mean": 0.1783078756825406,
            "std": 0.20259135254039157
        },
        "insert-auc": {
            "mean": 0.1704934913729126,
            "std": 0.19876115152585452
        },
        "complexity": {
            "mean": 200.40369813537598,
            "std": 10.971169785186209
        },
        "sparsity": {
            "mean": 2.0032144169807435,
            "std": 0.11141134756588196
        }
    }
}