{
    "f1_macro": 0.9882491739169263,
    "f1_micro": 0.99,
    "attribution": {
        "ours": {
            "iou": 0.6092771887779236
        },
        "layer-ig": {
            "iou": 0.34524670243263245
        },
        "saliency": {
            "iou": 0.34549450874328613
        },
        "deeplift": {
            "iou": 0.34509900212287903
        },
        "deeplift-shap": {
            "iou": 0.3450944125652313
        },
        "gradient-shap": {
            "iou": 0.3449779748916626
        },
        "guided-backprop": {
            "iou": 0.3451446294784546
        }
    }
}