{
    "ours": {
        "avg-drop": {
            "mean": 1.2112980274409055,
            "std": 1.2231770902733168
        },
        "delete-auc": {
            "mean": 2.0376746232542726,
            "std": 1.2051562194742973
        },
        "complexity": {
            "mean": 38.468551076471805,
            "std": 8.736302589550782
        },
        "sparsity": {
            "mean": 10.539542816340923,
            "std": 2.2707438010280296
        }
    },
    "layer-ig": {
        "avg-drop": {
            "mean": 0.7661041540652513,
            "std": 1.3934256015366926
        },
        "delete-auc": {
            "mean": 1.8805378767105025,
            "std": 1.1470981191957508
        },
        "complexity": {
            "mean": 66.06086528021098,
            "std": 30.853630655940833
        },
        "sparsity": {
            "mean": 2.817274948596954,
            "std": 1.2404429601134634
        }
    },
    "saliency": {
        "avg-drop": {
            "mean": 1.8555547940135002,
            "std": 1.7020632379901497
        },
        "delete-auc": {
            "mean": 1.788410434991535,
            "std": 1.0717974205100456
        },
        "complexity": {
            "mean": 15.201666739940643,
            "std": 3.499781150950098
        },
        "sparsity": {
            "mean": 79.09559323501587,
            "std": 36.06499965045317
        }
    },
    "deeplift": {
        "avg-drop": {
            "mean": 0.9498665798604489,
            "std": 1.4006258245248842
        },
        "delete-auc": {
            "mean": 1.3163645567049584,
            "std": 0.8442215916407555
        },
        "complexity": {
            "mean": 180.31471503829957,
            "std": 28.943572921677095
        },
        "sparsity": {
            "mean": 2.0704727193117143,
            "std": 0.4109263717867357
        }
    },
    "deeplift-shap": {
        "avg-drop": {
            "mean": 0.9332535510659218,
            "std": 1.387010315588199
        },
        "delete-auc": {
            "mean": 1.1999623303774538,
            "std": 0.7465555561477705
        },
        "complexity": {
            "mean": 174.90234160614014,
            "std": 21.89196013590927
        },
        "sparsity": {
            "mean": 2.0769041860103608,
            "std": 0.28448158976541027
        }
    },
    "gradient-shap": {
        "avg-drop": {
            "mean": 1.0422612780854106,
            "std": 1.5726145201211486
        },
        "delete-auc": {
            "mean": 1.2431911007879923,
            "std": 0.7996857300584741
        },
        "complexity": {
            "mean": 177.29274386024474,
            "std": 24.936944599815096
        },
        "sparsity": {
            "mean": 2.0742936238050462,
            "std": 0.35805468838261223
        }
    },
    "guided-backprop": {
        "avg-drop": {
            "mean": 0.7088575944006443,
            "std": 0.9814032910540543
        },
        "delete-auc": {
            "mean": 1.1124508867758431,
            "std": 0.6636912634549066
        },
        "complexity": {
            "mean": 174.09976126861574,
            "std": 15.045329904205786
        },
        "sparsity": {
            "mean": 2.0478636350035666,
            "std": 0.17802780169510424
        }
    }
}