{
    "ours": {
        "avg-drop": {
            "mean": 0.2574317345049885,
            "std": 0.3270548341388823
        },
        "inc-conf": {
            "mean": 0.185,
            "std": 0.38829756630707846
        },
        "delete-auc": {
            "mean": 0.4195442195611926,
            "std": 0.22154959707956629
        },
        "insert-auc": {
            "mean": 0.7081161323529381,
            "std": 0.197103675555574
        },
        "complexity": {
            "mean": 37.14225291401148,
            "std": 5.5401931252253345
        },
        "sparsity": {
            "mean": 10.462389433741569,
            "std": 2.2292991171881664
        }
    },
    "layer-ig": {
        "avg-drop": {
            "mean": 0.34408945055185175,
            "std": 0.41893624418786163
        },
        "inc-conf": {
            "mean": 0.362,
            "std": 0.48057881767718397
        },
        "delete-auc": {
            "mean": 0.5435414298608896,
            "std": 0.20431937541790726
        },
        "insert-auc": {
            "mean": 0.5299963417032404,
            "std": 0.2280767976154535
        },
        "complexity": {
            "mean": 182.50933233451843,
            "std": 27.524084965399226
        },
        "sparsity": {
            "mean": 2.026790904998779,
            "std": 0.38648529377376595
        }
    },
    "saliency": {
        "avg-drop": {
            "mean": 0.3858636083087381,
            "std": 0.3903213230131385
        },
        "inc-conf": {
            "mean": 0.2,
            "std": 0.4
        },
        "delete-auc": {
            "mean": 0.5594249199467972,
            "std": 0.16166789269861495
        },
        "insert-auc": {
            "mean": 0.6395278565033875,
            "std": 0.1783857892857534
        },
        "complexity": {
            "mean": 15.208828776836395,
            "std": 3.5022759783593056
        },
        "sparsity": {
            "mean": 79.1989978761673,
            "std": 36.185962202077576
        }
    },
    "deeplift": {
        "avg-drop": {
            "mean": 0.23031554860478332,
            "std": 0.3536589095414497
        },
        "inc-conf": {
            "mean": 0.397,
            "std": 0.48927599573246994
        },
        "delete-auc": {
            "mean": 0.5579064692687125,
            "std": 0.19916140976918123
        },
        "insert-auc": {
            "mean": 0.5675160287237792,
            "std": 0.217116003722921
        },
        "complexity": {
            "mean": 180.1525818977356,
            "std": 28.828279837383416
        },
        "sparsity": {
            "mean": 2.0728684646487237,
            "std": 0.41344173462810896
        }
    },
    "deeplift-shap": {
        "avg-drop": {
            "mean": 0.22828534608374093,
            "std": 0.35223924557811126
        },
        "inc-conf": {
            "mean": 0.369,
            "std": 0.482533936630368
        },
        "delete-auc": {
            "mean": 0.5986524846735758,
            "std": 0.21306268374628157
        },
        "insert-auc": {
            "mean": 0.6019045772996008,
            "std": 0.2235055819736371
        },
        "complexity": {
            "mean": 175.31949954986572,
            "std": 21.813340939597087
        },
        "sparsity": {
            "mean": 2.070887038230896,
            "std": 0.28156127784115415
        }
    },
    "gradient-shap": {
        "avg-drop": {
            "mean": 0.2515264106818513,
            "std": 0.3670075021294157
        },
        "inc-conf": {
            "mean": 0.369,
            "std": 0.482533936630368
        },
        "delete-auc": {
            "mean": 0.5795720316651475,
            "std": 0.21878093299544707
        },
        "insert-auc": {
            "mean": 0.6037543045911268,
            "std": 0.22810539515942543
        },
        "complexity": {
            "mean": 177.14754432296752,
            "std": 24.89978376146199
        },
        "sparsity": {
            "mean": 2.0752532303929327,
            "std": 0.3544780175118187
        }
    },
    "guided-backprop": {
        "avg-drop": {
            "mean": 0.15694970419692617,
            "std": 0.27862808336093664
        },
        "inc-conf": {
            "mean": 0.294,
            "std": 0.4555919226676434
        },
        "delete-auc": {
            "mean": 0.6146544876953092,
            "std": 0.23091566542034772
        },
        "insert-auc": {
            "mean": 0.6358983733007192,
            "std": 0.24815183834864665
        },
        "complexity": {
            "mean": 173.89484980773926,
            "std": 15.014607489357362
        },
        "sparsity": {
            "mean": 2.0503166770339014,
            "std": 0.178106813162681
        }
    }
}