{
    "ours": {
        "avg-drop": {
            "mean": 0.27391993699909656,
            "std": 0.33210835569751684
        },
        "inc-conf": {
            "mean": 0.178,
            "std": 0.3825127448857097
        },
        "delete-auc": {
            "mean": 0.4135303691380347,
            "std": 0.22587272046710605
        },
        "insert-auc": {
            "mean": 0.6973636302166262,
            "std": 0.2019280516531712
        },
        "complexity": {
            "mean": 37.909599386096,
            "std": 7.902604355008089
        },
        "sparsity": {
            "mean": 10.621832760334016,
            "std": 2.137210667630042
        }
    },
    "layer-ig": {
        "avg-drop": {
            "mean": 0.2996068935359362,
            "std": 0.36033902887154146
        },
        "inc-conf": {
            "mean": 0.232,
            "std": 0.4221089906647335
        },
        "delete-auc": {
            "mean": 0.5280575503343699,
            "std": 0.1898499966955919
        },
        "insert-auc": {
            "mean": 0.7639776957364859,
            "std": 0.17608945627666686
        },
        "complexity": {
            "mean": 10.682929231882095,
            "std": 3.103344680661503
        },
        "sparsity": {
            "mean": 247.2329155960083,
            "std": 74.91778413950857
        }
    },
    "saliency": {
        "avg-drop": {
            "mean": 0.37258714042693236,
            "std": 0.3814438494762146
        },
        "inc-conf": {
            "mean": 0.206,
            "std": 0.40443046373882374
        },
        "delete-auc": {
            "mean": 0.56198738871618,
            "std": 0.1493079217615807
        },
        "insert-auc": {
            "mean": 0.6428865262301368,
            "std": 0.1787837665704148
        },
        "complexity": {
            "mean": 15.026265343666077,
            "std": 3.4947166421150766
        },
        "sparsity": {
            "mean": 81.52150248336793,
            "std": 38.46549824138448
        }
    },
    "deeplift": {
        "avg-drop": {
            "mean": 0.2986773705693195,
            "std": 0.3137459573067099
        },
        "inc-conf": {
            "mean": 0.17,
            "std": 0.375632799419859
        },
        "delete-auc": {
            "mean": 0.5588500116093266,
            "std": 0.15559091056071575
        },
        "insert-auc": {
            "mean": 0.7669451091552959,
            "std": 0.15829926664124422
        },
        "complexity": {
            "mean": 8.812004649400711,
            "std": 2.807292491350953
        },
        "sparsity": {
            "mean": 293.34796433258055,
            "std": 101.97056657253704
        }
    },
    "deeplift-shap": {
        "avg-drop": {
            "mean": 0.27692150040226987,
            "std": 0.313716942227281
        },
        "inc-conf": {
            "mean": 0.206,
            "std": 0.4044304637388237
        },
        "delete-auc": {
            "mean": 0.5556372433508614,
            "std": 0.16115010992343037
        },
        "insert-auc": {
            "mean": 0.7539359709294181,
            "std": 0.16439812714228816
        },
        "complexity": {
            "mean": 9.630171047210693,
            "std": 2.7296360612222332
        },
        "sparsity": {
            "mean": 218.95128428459168,
            "std": 62.31823968934274
        }
    },
    "gradient-shap": {
        "avg-drop": {
            "mean": 0.29141418715397593,
            "std": 0.32974438095360953
        },
        "inc-conf": {
            "mean": 0.182,
            "std": 0.38584452827531457
        },
        "delete-auc": {
            "mean": 0.5553809377080213,
            "std": 0.1652580621042631
        },
        "insert-auc": {
            "mean": 0.7535842063965826,
            "std": 0.17596717965535527
        },
        "complexity": {
            "mean": 10.072629367470741,
            "std": 2.937926624446313
        },
        "sparsity": {
            "mean": 206.33767470741273,
            "std": 104.2078676560835
        }
    },
    "guided-backprop": {
        "avg-drop": {
            "mean": 0.37258714042693236,
            "std": 0.3814438494762146
        },
        "inc-conf": {
            "mean": 0.206,
            "std": 0.40443046373882374
        },
        "delete-auc": {
            "mean": 0.56198738871618,
            "std": 0.1493079217615807
        },
        "insert-auc": {
            "mean": 0.6428865262301368,
            "std": 0.1787837665704148
        },
        "complexity": {
            "mean": 15.026265343666077,
            "std": 3.4947166421150766
        },
        "sparsity": {
            "mean": 81.52150248336793,
            "std": 38.46549824138448
        }
    }
}