{
    "ours": {
        "avg-drop": {
            "mean": 0.018743543700576994,
            "std": 0.09967837913381289
        },
        "inc-conf": {
            "mean": 0.425,
            "std": 0.49434299833212975
        },
        "delete-auc": {
            "mean": 0.6405966443540951,
            "std": 0.22424589041972484
        },
        "insert-auc": {
            "mean": 0.8827219691780139,
            "std": 0.10720533026658222
        },
        "complexity": {
            "mean": 4.956374080657959,
            "std": 1.4348802356457255
        },
        "sparsity": {
            "mean": 8.831523631572724,
            "std": 5.7456770790992335
        }
    },
    "layer-ig": {
        "avg-drop": {
            "mean": 0.018214202464489675,
            "std": 0.1287954673788324
        },
        "inc-conf": {
            "mean": 0.951,
            "std": 0.21586801523152982
        },
        "delete-auc": {
            "mean": 0.5706765192877435,
            "std": 0.22046821905463984
        },
        "insert-auc": {
            "mean": 0.8328125445900665,
            "std": 0.1470718671539074
        },
        "complexity": {
            "mean": 330.57890001297,
            "std": 94.76872211265105
        },
        "sparsity": {
            "mean": 2.1137560551166534,
            "std": 0.8643724358263921
        }
    },
    "saliency": {
        "avg-drop": {
            "mean": 0.4796584894973785,
            "std": 0.23696343931290453
        },
        "inc-conf": {
            "mean": 0.014,
            "std": 0.11749042514179613
        },
        "delete-auc": {
            "mean": 0.7375095177508469,
            "std": 0.1284174765738665
        },
        "insert-auc": {
            "mean": 0.7549889059152268,
            "std": 0.13938983339995586
        },
        "complexity": {
            "mean": 18.56682084655762,
            "std": 5.973878275737242
        },
        "sparsity": {
            "mean": 114.07444641304016,
            "std": 91.07868018183717
        }
    },
    "deeplift": {
        "avg-drop": {
            "mean": 0.023049232848340127,
            "std": 0.13456297478506282
        },
        "inc-conf": {
            "mean": 0.917,
            "std": 0.2758822212466762
        },
        "delete-auc": {
            "mean": 0.6242453220888813,
            "std": 0.2125400680306852
        },
        "insert-auc": {
            "mean": 0.7772477611349788,
            "std": 0.1404021924428249
        },
        "complexity": {
            "mean": 315.81175053787234,
            "std": 108.65124928169678
        },
        "sparsity": {
            "mean": 2.3450974391698836,
            "std": 1.2384350212474107
        }
    },
    "deeplift-shap": {
        "avg-drop": {
            "mean": 0.02236583716828221,
            "std": 0.13310142821944387
        },
        "inc-conf": {
            "mean": 0.925,
            "std": 0.26339134382131846
        },
        "delete-auc": {
            "mean": 0.5695654335203565,
            "std": 0.23387388845251847
        },
        "insert-auc": {
            "mean": 0.8027219948449327,
            "std": 0.14228203273316864
        },
        "complexity": {
            "mean": 315.45234565353394,
            "std": 103.93960707137903
        },
        "sparsity": {
            "mean": 2.3220742486715316,
            "std": 1.209699339126655
        }
    },
    "gradient-shap": {
        "avg-drop": {
            "mean": 0.018900053805726572,
            "std": 0.12589463415542965
        },
        "inc-conf": {
            "mean": 0.895,
            "std": 0.3065534211193866
        },
        "delete-auc": {
            "mean": 0.5554392322765422,
            "std": 0.24143322868303582
        },
        "insert-auc": {
            "mean": 0.8176701238971635,
            "std": 0.1499742772819054
        },
        "complexity": {
            "mean": 295.3237958679199,
            "std": 111.48521072377082
        },
        "sparsity": {
            "mean": 2.5228701610565185,
            "std": 1.2243540266267028
        }
    },
    "guided-backprop": {
        "avg-drop": {
            "mean": 0.005892343684824681,
            "std": 0.04854499360562877
        },
        "inc-conf": {
            "mean": 0.628,
            "std": 0.48333839077813795
        },
        "delete-auc": {
            "mean": 0.7621270422013227,
            "std": 0.152455921032566
        },
        "insert-auc": {
            "mean": 0.7703491920274379,
            "std": 0.13889045491581078
        },
        "complexity": {
            "mean": 312.7125018310547,
            "std": 41.15545293043415
        },
        "sparsity": {
            "mean": 2.0442672698497772,
            "std": 0.2965968934719093
        }
    }
}