{
    "ours": {
        "avg-drop": {
            "mean": 0.018216885577629627,
            "std": 0.06538584424530584
        },
        "inc-conf": {
            "mean": 0.433,
            "std": 0.4954906659060289
        },
        "delete-auc": {
            "mean": 0.3474782116627212,
            "std": 0.4521469859942342
        },
        "insert-auc": {
            "mean": 0.8613854266013453,
            "std": 0.1483796760173179
        },
        "complexity": {
            "mean": 3.189384796142578,
            "std": 0.8454045693681879
        },
        "sparsity": {
            "mean": 43.02615331053734,
            "std": 26.784816686773002
        }
    },
    "layer-ig": {
        "avg-drop": {
            "mean": 0.014854468298673965,
            "std": 0.10742078270022233
        },
        "inc-conf": {
            "mean": 0.939,
            "std": 0.23933031567271204
        },
        "delete-auc": {
            "mean": 0.35015515792369745,
            "std": 0.2679043266967528
        },
        "insert-auc": {
            "mean": 0.8809048246689878,
            "std": 0.18136136915868392
        },
        "complexity": {
            "mean": 331.33455556488036,
            "std": 100.77665201919346
        },
        "sparsity": {
            "mean": 2.1368250880241395,
            "std": 0.9165668680694243
        }
    },
    "saliency": {
        "avg-drop": {
            "mean": 0.45368916052326674,
            "std": 0.44095909201713696
        },
        "inc-conf": {
            "mean": 0.245,
            "std": 0.4300872004605578
        },
        "delete-auc": {
            "mean": 0.5725434966377415,
            "std": 0.25254518800119063
        },
        "insert-auc": {
            "mean": 0.7516711429817098,
            "std": 0.21600999024576753
        },
        "complexity": {
            "mean": 13.153402692317963,
            "std": 2.9609607902694215
        },
        "sparsity": {
            "mean": 410.44131701660154,
            "std": 155.64675961111146
        }
    },
    "deeplift": {
        "avg-drop": {
            "mean": 0.0201761561429812,
            "std": 0.11993309709065555
        },
        "inc-conf": {
            "mean": 0.942,
            "std": 0.23374344910606587
        },
        "delete-auc": {
            "mean": 0.3642290257680075,
            "std": 0.27065834757808893
        },
        "insert-auc": {
            "mean": 0.7934749406472101,
            "std": 0.22388982330433993
        },
        "complexity": {
            "mean": 310.0574928321838,
            "std": 103.55076674324933
        },
        "sparsity": {
            "mean": 2.3377669156789778,
            "std": 1.0873236074451091
        }
    },
    "deeplift-shap": {
        "avg-drop": {
            "mean": 0.017519981688510596,
            "std": 0.11616153991773402
        },
        "inc-conf": {
            "mean": 0.955,
            "std": 0.20730412441627882
        },
        "delete-auc": {
            "mean": 0.34204722228849277,
            "std": 0.2690597055017794
        },
        "insert-auc": {
            "mean": 0.8277832690330099,
            "std": 0.2171018776694637
        },
        "complexity": {
            "mean": 310.20012711334226,
            "std": 87.7856115228686
        },
        "sparsity": {
            "mean": 2.235080483675003,
            "std": 0.8485868000968408
        }
    },
    "gradient-shap": {
        "avg-drop": {
            "mean": 0.011300619302077394,
            "std": 0.08996445790484112
        },
        "inc-conf": {
            "mean": 0.938,
            "std": 0.24115555146004825
        },
        "delete-auc": {
            "mean": 0.2735215123526158,
            "std": 0.254318296527422
        },
        "insert-auc": {
            "mean": 0.8852371496393062,
            "std": 0.1932334743401895
        },
        "complexity": {
            "mean": 279.7391359100342,
            "std": 96.2313136326232
        },
        "sparsity": {
            "mean": 2.5653091564178467,
            "std": 1.0456957678639978
        }
    },
    "guided-backprop": {
        "avg-drop": {
            "mean": 0.0178793674227054,
            "std": 0.05979140406367032
        },
        "inc-conf": {
            "mean": 0.587,
            "std": 0.4923728262201317
        },
        "delete-auc": {
            "mean": 0.6782203953565652,
            "std": 0.24416011958628073
        },
        "insert-auc": {
            "mean": 0.7058598865676684,
            "std": 0.22598151976655872
        },
        "complexity": {
            "mean": 312.13950492858885,
            "std": 32.64709696869268
        },
        "sparsity": {
            "mean": 2.0318468704223633,
            "std": 0.21872795607100878
        }
    }
}