{
    "ours": {
        "avg-drop": {
            "mean": 0.009056039703282295,
            "std": 0.0648859851890438
        },
        "inc-conf": {
            "mean": 0.026,
            "std": 0.15913516267626082
        },
        "delete-auc": {
            "mean": 0.5362896096795168,
            "std": 0.16294877273920533
        },
        "insert-auc": {
            "mean": 0.9390122398535727,
            "std": 0.0852721844894949
        },
        "complexity": {
            "mean": 54.91876359939575,
            "std": 21.285709824544405
        },
        "sparsity": {
            "mean": 13.735868052005769,
            "std": 7.9200563977551335
        }
    },
    "layer-ig": {
        "avg-drop": {
            "mean": 0.8008496400415898,
            "std": 0.16563779062763803
        },
        "inc-conf": {
            "mean": 0.0,
            "std": 0.0
        },
        "delete-auc": {
            "mean": 0.4623855885906094,
            "std": 0.16658517872629428
        },
        "insert-auc": {
            "mean": 0.5969146894029186,
            "std": 0.13019679370875004
        },
        "complexity": {
            "mean": 12.39113177394867,
            "std": 4.14930205358482
        },
        "sparsity": {
            "mean": 48.53423478317261,
            "std": 30.82693648144911
        }
    },
    "saliency": {
        "avg-drop": {
            "mean": 0.6328142713308335,
            "std": 0.3085242457774006
        },
        "inc-conf": {
            "mean": 0.0,
            "std": 0.0
        },
        "delete-auc": {
            "mean": 0.4707656270470383,
            "std": 0.16068133081356759
        },
        "insert-auc": {
            "mean": 0.6124935852822054,
            "std": 0.15518946701758266
        },
        "complexity": {
            "mean": 13.309355481147765,
            "std": 4.532178829618862
        },
        "sparsity": {
            "mean": 43.24126553916931,
            "std": 36.93040600571889
        }
    },
    "deeplift": {
        "avg-drop": {
            "mean": 0.7485263341972604,
            "std": 0.21913914569881288
        },
        "inc-conf": {
            "mean": 0.0,
            "std": 0.0
        },
        "delete-auc": {
            "mean": 0.48121671659237164,
            "std": 0.15599881902992788
        },
        "insert-auc": {
            "mean": 0.6156228960698592,
            "std": 0.1490527141369836
        },
        "complexity": {
            "mean": 12.46364882659912,
            "std": 3.3058243399466267
        },
        "sparsity": {
            "mean": 46.73358765029907,
            "std": 28.540596688027804
        }
    },
    "deeplift-shap": {
        "avg-drop": {
            "mean": 0.5950111704673618,
            "std": 0.3209192902041889
        },
        "inc-conf": {
            "mean": 0.0,
            "std": 0.0
        },
        "delete-auc": {
            "mean": 0.5076868899887095,
            "std": 0.13164435476747685
        },
        "insert-auc": {
            "mean": 0.6792333234044778,
            "std": 0.17671207711802842
        },
        "complexity": {
            "mean": 10.755892065048219,
            "std": 2.419971671370689
        },
        "sparsity": {
            "mean": 67.06433446121216,
            "std": 23.519184846000396
        }
    },
    "gradient-shap": {
        "avg-drop": {
            "mean": 0.5795409490154125,
            "std": 0.3230859810884943
        },
        "inc-conf": {
            "mean": 0.002,
            "std": 0.044676615807377355
        },
        "delete-auc": {
            "mean": 0.4659667370742379,
            "std": 0.15857394300643654
        },
        "insert-auc": {
            "mean": 0.6714322178122571,
            "std": 0.16793917728869764
        },
        "complexity": {
            "mean": 13.424229575157165,
            "std": 2.984095131499925
        },
        "sparsity": {
            "mean": 42.91844541549683,
            "std": 13.134821940657538
        }
    },
    "guided-backprop": {
        "avg-drop": {
            "mean": 0.717586141211912,
            "std": 0.2441867298927665
        },
        "inc-conf": {
            "mean": 0.0,
            "std": 0.0
        },
        "delete-auc": {
            "mean": 0.487215967943043,
            "std": 0.15960147752961112
        },
        "insert-auc": {
            "mean": 0.6196457768598407,
            "std": 0.1571440550422412
        },
        "complexity": {
            "mean": 13.165070660591125,
            "std": 3.3709930436706705
        },
        "sparsity": {
            "mean": 43.08207573127746,
            "std": 26.474201613868686
        }
    }
}