{
    "ours": {
        "avg-drop": {
            "mean": 0.19066378962391173,
            "std": 0.29228234588482654
        },
        "inc-conf": {
            "mean": 0.346,
            "std": 0.4756931784249171
        },
        "delete-auc": {
            "mean": 0.28161854556475907,
            "std": 0.27632756515528156
        },
        "insert-auc": {
            "mean": 0.39306277361945735,
            "std": 0.25751645288891123
        },
        "complexity": {
            "mean": 121.64154581451416,
            "std": 12.697246251999683
        },
        "sparsity": {
            "mean": 5.603075775146484,
            "std": 0.9915039546340625
        }
    },
    "layer-ig": {
        "avg-drop": {
            "mean": 0.47731418411337656,
            "std": 0.43086797258627074
        },
        "inc-conf": {
            "mean": 0.254,
            "std": 0.4352975993501457
        },
        "delete-auc": {
            "mean": 0.141964429982063,
            "std": 0.19180976521016363
        },
        "insert-auc": {
            "mean": 0.14539473101126107,
            "std": 0.19149291846115865
        },
        "complexity": {
            "mean": 200.8734343109131,
            "std": 16.95350948200784
        },
        "sparsity": {
            "mean": 2.0069588624238968,
            "std": 0.1808238028505815
        }
    },
    "saliency": {
        "avg-drop": {
            "mean": 0.8315987484203652,
            "std": 0.31920756128912264
        },
        "inc-conf": {
            "mean": 0.059,
            "std": 0.23562470159132295
        },
        "delete-auc": {
            "mean": 0.195913140638597,
            "std": 0.19972737364524676
        },
        "insert-auc": {
            "mean": 0.4267576914776637,
            "std": 0.16501786192990606
        },
        "complexity": {
            "mean": 12.105308489084244,
            "std": 5.0636475489459265
        },
        "sparsity": {
            "mean": 89.28685873603821,
            "std": 76.10969055020946
        }
    },
    "deeplift": {
        "avg-drop": {
            "mean": 0.5616660893828958,
            "std": 0.43175560400948854
        },
        "inc-conf": {
            "mean": 0.216,
            "std": 0.41151427678757396
        },
        "delete-auc": {
            "mean": 0.1633702508220643,
            "std": 0.19899630417744846
        },
        "insert-auc": {
            "mean": 0.16056580914584964,
            "std": 0.1959447581660058
        },
        "complexity": {
            "mean": 200.5420474243164,
            "std": 12.96974329173711
        },
        "sparsity": {
            "mean": 2.0034144582748414,
            "std": 0.12729159767192483
        }
    },
    "deeplift-shap": {
        "avg-drop": {
            "mean": 0.565480471540548,
            "std": 0.43268520998819693
        },
        "inc-conf": {
            "mean": 0.225,
            "std": 0.4175823272122517
        },
        "delete-auc": {
            "mean": 0.16429776846026004,
            "std": 0.20196646085260542
        },
        "insert-auc": {
            "mean": 0.16129393843999976,
            "std": 0.1973365644604734
        },
        "complexity": {
            "mean": 200.97543153381346,
            "std": 12.797991576510743
        },
        "sparsity": {
            "mean": 1.9989251494407654,
            "std": 0.12654828266291956
        }
    },
    "gradient-shap": {
        "avg-drop": {
            "mean": 0.5279920799614665,
            "std": 0.43093172780293826
        },
        "inc-conf": {
            "mean": 0.239,
            "std": 0.42647274238806865
        },
        "delete-auc": {
            "mean": 0.1495478729413267,
            "std": 0.1966760399226879
        },
        "insert-auc": {
            "mean": 0.1389522702386966,
            "std": 0.19620509928508661
        },
        "complexity": {
            "mean": 198.89151936340332,
            "std": 13.291986889387617
        },
        "sparsity": {
            "mean": 2.0216050387620927,
            "std": 0.14132768398277404
        }
    },
    "guided-backprop": {
        "avg-drop": {
            "mean": 0.5026891968460968,
            "std": 0.41565642062932817
        },
        "inc-conf": {
            "mean": 0.199,
            "std": 0.399248043201216
        },
        "delete-auc": {
            "mean": 0.17743720047968792,
            "std": 0.20187626398331418
        },
        "insert-auc": {
            "mean": 0.1724170025025316,
            "std": 0.19967222678891786
        },
        "complexity": {
            "mean": 200.39693684387208,
            "std": 10.924361102004404
        },
        "sparsity": {
            "mean": 2.0031998636722563,
            "std": 0.11041417308932908
        }
    }
}