{
    "ours": {
        "avg-drop": {
            "mean": 0.2812840079915768,
            "std": 0.3557919235854365
        },
        "inc-conf": {
            "mean": 0.309,
            "std": 0.4620811617021408
        },
        "delete-auc": {
            "mean": 0.30086584465372973,
            "std": 0.24718842272678887
        },
        "insert-auc": {
            "mean": 0.6761695428597664,
            "std": 0.18665922597363294
        },
        "complexity": {
            "mean": 3.400328257083893,
            "std": 0.6972025106484827
        },
        "sparsity": {
            "mean": 46.983508123397826,
            "std": 31.727811984819127
        }
    },
    "layer-ig": {
        "avg-drop": {
            "mean": 0.19844057195058848,
            "std": 0.3406031686825574
        },
        "inc-conf": {
            "mean": 0.662,
            "std": 0.4730285403651665
        },
        "delete-auc": {
            "mean": 0.3432133632674246,
            "std": 0.2721473785227388
        },
        "insert-auc": {
            "mean": 0.5497284712328886,
            "std": 0.3316645937112587
        },
        "complexity": {
            "mean": 317.9298196029663,
            "std": 88.29166443784648
        },
        "sparsity": {
            "mean": 2.171573156118393,
            "std": 0.7957273789243284
        }
    },
    "saliency": {
        "avg-drop": {
            "mean": 0.6689004994426505,
            "std": 0.36365805428392745
        },
        "inc-conf": {
            "mean": 0.119,
            "std": 0.3237885112229895
        },
        "delete-auc": {
            "mean": 0.44865904161768005,
            "std": 0.16622149419625934
        },
        "insert-auc": {
            "mean": 0.6437240571864227,
            "std": 0.21033808475777768
        },
        "complexity": {
            "mean": 14.138440007686615,
            "std": 3.30526563616927
        },
        "sparsity": {
            "mean": 338.2725515213013,
            "std": 146.37406945325844
        }
    },
    "deeplift": {
        "avg-drop": {
            "mean": 0.19738644405826927,
            "std": 0.33732329336895767
        },
        "inc-conf": {
            "mean": 0.668,
            "std": 0.47093099282166595
        },
        "delete-auc": {
            "mean": 0.30515648079660185,
            "std": 0.25696676649169453
        },
        "insert-auc": {
            "mean": 0.5077261550066727,
            "std": 0.3044101209502725
        },
        "complexity": {
            "mean": 310.84550875473025,
            "std": 92.39018769585572
        },
        "sparsity": {
            "mean": 2.2622552319765092,
            "std": 0.9504893231543199
        }
    },
    "deeplift-shap": {
        "avg-drop": {
            "mean": 0.21769049889786402,
            "std": 0.35790852259468553
        },
        "inc-conf": {
            "mean": 0.666,
            "std": 0.47163969298607594
        },
        "delete-auc": {
            "mean": 0.2984343602680365,
            "std": 0.27936046539847853
        },
        "insert-auc": {
            "mean": 0.5173539497759259,
            "std": 0.3318361234668641
        },
        "complexity": {
            "mean": 314.333590133667,
            "std": 73.11477777159905
        },
        "sparsity": {
            "mean": 2.1306005412340165,
            "std": 0.6732512835415239
        }
    },
    "gradient-shap": {
        "avg-drop": {
            "mean": 0.2109968529959442,
            "std": 0.36053463958878806
        },
        "inc-conf": {
            "mean": 0.67,
            "std": 0.47021271782034985
        },
        "delete-auc": {
            "mean": 0.2832417815671996,
            "std": 0.31112615017972767
        },
        "insert-auc": {
            "mean": 0.59898761468574,
            "std": 0.38948106544739214
        },
        "complexity": {
            "mean": 294.98648212432863,
            "std": 90.20216883205244
        },
        "sparsity": {
            "mean": 2.3772402613162993,
            "std": 0.9125933585619487
        }
    },
    "guided-backprop": {
        "avg-drop": {
            "mean": 0.045910214575822464,
            "std": 0.1058656687452682
        },
        "inc-conf": {
            "mean": 0.517,
            "std": 0.49971091643068993
        },
        "delete-auc": {
            "mean": 0.5427721562930844,
            "std": 0.21315520285071263
        },
        "insert-auc": {
            "mean": 0.562103795527512,
            "std": 0.21279110606385773
        },
        "complexity": {
            "mean": 310.63474269104006,
            "std": 29.628779388748633
        },
        "sparsity": {
            "mean": 2.038191865563393,
            "std": 0.20033080568907322
        }
    }
}