{
    "f1_macro": 0.4740235721898314,
    "f1_micro": 0.67,
    "attribution": {
        "ours": {
            "iou": 0.34305283427238464
        },
        "layer-ig": {
            "iou": 0.3131707012653351
        },
        "saliency": {
            "iou": 0.3136824667453766
        },
        "deeplift": {
            "iou": 0.3131707012653351
        },
        "deeplift-shap": {
            "iou": 0.3131707012653351
        },
        "gradient-shap": {
            "iou": 0.3131707012653351
        },
        "guided-backprop": {
            "iou": 0.3136824667453766
        }
    }
}