{
    "f1_macro": 0.47238081824714984,
    "f1_micro": 0.6619964973730298,
    "attribution": {
        "ours": {
            "iou": 0.3409305214881897
        },
        "layer-ig": {
            "iou": 0.33442336320877075
        },
        "saliency": {
            "iou": 0.31079524755477905
        },
        "deeplift": {
            "iou": 0.3341662287712097
        },
        "deeplift-shap": {
            "iou": 0.3337973952293396
        },
        "gradient-shap": {
            "iou": 0.3511168360710144
        },
        "guided-backprop": {
            "iou": 0.33859944343566895
        }
    }
}