{
    "ours": {
        "avg-drop": {
            "mean": 0.042370830784092046,
            "std": 0.17294490991511427
        },
        "inc-conf": {
            "mean": 0.122,
            "std": 0.32728580781940425
        },
        "delete-auc": {
            "mean": 0.31615566475006024,
            "std": 0.18239632988981788
        },
        "insert-auc": {
            "mean": 0.7448896032332719,
            "std": 0.18274923592351053
        },
        "complexity": {
            "mean": 69.25383797836304,
            "std": 18.744628225427622
        },
        "sparsity": {
            "mean": 4.977131413221359,
            "std": 1.951300262056436
        }
    },
    "layer-ig": {
        "avg-drop": {
            "mean": 0.8828016570806503,
            "std": 0.09907653130627136
        },
        "inc-conf": {
            "mean": 0.0,
            "std": 0.0
        },
        "delete-auc": {
            "mean": 0.43041076099722403,
            "std": 0.1901747623106638
        },
        "insert-auc": {
            "mean": 0.5349175722155083,
            "std": 0.0972261976075918
        },
        "complexity": {
            "mean": 13.089523985862732,
            "std": 4.226398117066305
        },
        "sparsity": {
            "mean": 41.30159076499939,
            "std": 25.526649165694653
        }
    },
    "saliency": {
        "avg-drop": {
            "mean": 0.8844571852684021,
            "std": 0.08455207301491004
        },
        "inc-conf": {
            "mean": 0.0,
            "std": 0.0
        },
        "delete-auc": {
            "mean": 0.45249534208739156,
            "std": 0.17401954567230263
        },
        "insert-auc": {
            "mean": 0.5263881817813558,
            "std": 0.08207416861579461
        },
        "complexity": {
            "mean": 12.93322574043274,
            "std": 7.226550905191061
        },
        "sparsity": {
            "mean": 59.23780372238159,
            "std": 56.094098380585024
        }
    },
    "deeplift": {
        "avg-drop": {
            "mean": 0.8844340014457702,
            "std": 0.09201952565837769
        },
        "inc-conf": {
            "mean": 0.0,
            "std": 0.0
        },
        "delete-auc": {
            "mean": 0.46769012298765444,
            "std": 0.16740841511781665
        },
        "insert-auc": {
            "mean": 0.533678090657627,
            "std": 0.07331183093016118
        },
        "complexity": {
            "mean": 11.678486866950989,
            "std": 5.004452437159734
        },
        "sparsity": {
            "mean": 65.56555328178406,
            "std": 55.14120350640909
        }
    },
    "deeplift-shap": {
        "avg-drop": {
            "mean": 0.8854062341339887,
            "std": 0.08875053065524001
        },
        "inc-conf": {
            "mean": 0.0,
            "std": 0.0
        },
        "delete-auc": {
            "mean": 0.4758753057279312,
            "std": 0.1627352621466184
        },
        "insert-auc": {
            "mean": 0.5327562649430261,
            "std": 0.07009025283975048
        },
        "complexity": {
            "mean": 11.6085651512146,
            "std": 4.81390915775256
        },
        "sparsity": {
            "mean": 65.20367575073242,
            "std": 55.028807740117465
        }
    },
    "gradient-shap": {
        "avg-drop": {
            "mean": 0.877038534913212,
            "std": 0.11123491922452448
        },
        "inc-conf": {
            "mean": 0.0,
            "std": 0.0
        },
        "delete-auc": {
            "mean": 0.417333306434975,
            "std": 0.19182732219453522
        },
        "insert-auc": {
            "mean": 0.5234255241092968,
            "std": 0.08703172131972316
        },
        "complexity": {
            "mean": 15.55908978176117,
            "std": 5.132557629586755
        },
        "sparsity": {
            "mean": 29.136308698654176,
            "std": 18.72802983009762
        }
    },
    "guided-backprop": {
        "avg-drop": {
            "mean": 0.8856789122223854,
            "std": 0.08874131643664836
        },
        "inc-conf": {
            "mean": 0.0,
            "std": 0.0
        },
        "delete-auc": {
            "mean": 0.44416139567497015,
            "std": 0.17864230575128026
        },
        "insert-auc": {
            "mean": 0.5234154474683637,
            "std": 0.0693103176660355
        },
        "complexity": {
            "mean": 13.951965618133546,
            "std": 5.983945694760806
        },
        "sparsity": {
            "mean": 48.75036421012879,
            "std": 41.34691690698639
        }
    }
}