{
    "ours": {
        "avg-drop": {
            "mean": 0.034361911535263065,
            "std": 0.15257537173617725
        },
        "delete-auc": {
            "mean": 0.5237222069833015,
            "std": 0.1759223282049414
        },
        "complexity": {
            "mean": 68.43588384628296,
            "std": 18.322193453658862
        },
        "sparsity": {
            "mean": 5.018753054976464,
            "std": 2.0092835416899892
        }
    },
    "layer-ig": {
        "avg-drop": {
            "mean": 0.03435036543011665,
            "std": 0.16095910254789034
        },
        "delete-auc": {
            "mean": 0.5655800057682726,
            "std": 0.12859035555816867
        },
        "complexity": {
            "mean": 5.746078253269196,
            "std": 1.5715209777833636
        },
        "sparsity": {
            "mean": 2.836543425440788,
            "std": 1.0081430981166475
        }
    },
    "saliency": {
        "avg-drop": {
            "mean": 0.8774219070672988,
            "std": 0.08855667881276735
        },
        "delete-auc": {
            "mean": 0.8338003951907158,
            "std": 0.054164476020239945
        },
        "complexity": {
            "mean": 12.486997014522553,
            "std": 7.203442798882664
        },
        "sparsity": {
            "mean": 63.905152633190156,
            "std": 58.92479421368606
        }
    },
    "deeplift": {
        "avg-drop": {
            "mean": 0.06509123408794402,
            "std": 0.22279217685128203
        },
        "delete-auc": {
            "mean": 0.46294607503712176,
            "std": 0.08634189825229384
        },
        "complexity": {
            "mean": 112.74626271438599,
            "std": 16.48016552226531
        },
        "sparsity": {
            "mean": 2.036130226492882,
            "std": 0.32189630948208126
        }
    },
    "deeplift-shap": {
        "avg-drop": {
            "mean": 0.059083965063095094,
            "std": 0.20992876483157025
        },
        "delete-auc": {
            "mean": 0.4608932347479794,
            "std": 0.0857897766973888
        },
        "complexity": {
            "mean": 113.31859254074097,
            "std": 16.488281779410684
        },
        "sparsity": {
            "mean": 2.024347339391708,
            "std": 0.31060398587244614
        }
    },
    "gradient-shap": {
        "avg-drop": {
            "mean": 0.05090523046255112,
            "std": 0.1952265045736971
        },
        "delete-auc": {
            "mean": 0.4758194131238593,
            "std": 0.07866544710741269
        },
        "complexity": {
            "mean": 111.74725048828125,
            "std": 13.801736493075818
        },
        "sparsity": {
            "mean": 2.042528303861618,
            "std": 0.2586049314239778
        }
    },
    "guided-backprop": {
        "avg-drop": {
            "mean": 0.21272597336769103,
            "std": 0.3745679634670853
        },
        "delete-auc": {
            "mean": 0.47686207011838755,
            "std": 0.07957890527868179
        },
        "complexity": {
            "mean": 111.91916054534911,
            "std": 12.761332700853288
        },
        "sparsity": {
            "mean": 2.0339594885110857,
            "std": 0.24332356295502378
        }
    }
}