{
    "ours": {
        "avg-drop": {
            "mean": 0.05451268089739119,
            "std": 0.19930776137556397
        },
        "inc-conf": {
            "mean": 0.121,
            "std": 0.3261272757682191
        },
        "delete-auc": {
            "mean": 0.3364858622845112,
            "std": 0.19785387671304486
        },
        "insert-auc": {
            "mean": 0.7420319235309828,
            "std": 0.1749054210845521
        },
        "complexity": {
            "mean": 60.79501689147949,
            "std": 9.840670905371498
        },
        "sparsity": {
            "mean": 5.32150009226799,
            "std": 1.4785884030859169
        }
    },
    "layer-ig": {
        "avg-drop": {
            "mean": 0.05690264204547475,
            "std": 0.22232779268420655
        },
        "inc-conf": {
            "mean": 0.17,
            "std": 0.375632799419859
        },
        "delete-auc": {
            "mean": 0.3893951778855604,
            "std": 0.20253784517495882
        },
        "insert-auc": {
            "mean": 0.46839703878545924,
            "std": 0.20653836966182804
        },
        "complexity": {
            "mean": 111.61251145935059,
            "std": 15.775690130550771
        },
        "sparsity": {
            "mean": 2.055404025912285,
            "std": 0.3189925583860099
        }
    },
    "saliency": {
        "avg-drop": {
            "mean": 0.8863576222509145,
            "std": 0.08106656260722249
        },
        "inc-conf": {
            "mean": 0.0,
            "std": 0.0
        },
        "delete-auc": {
            "mean": 0.46579982295650985,
            "std": 0.16480465613820325
        },
        "insert-auc": {
            "mean": 0.5281026203763174,
            "std": 0.0827312227623162
        },
        "complexity": {
            "mean": 12.508204953193665,
            "std": 7.215349452019847
        },
        "sparsity": {
            "mean": 63.84566388273239,
            "std": 59.025613407079796
        }
    },
    "deeplift": {
        "avg-drop": {
            "mean": 0.07666794667285354,
            "std": 0.24908809502223955
        },
        "inc-conf": {
            "mean": 0.178,
            "std": 0.38251274488570963
        },
        "delete-auc": {
            "mean": 0.43640254091044667,
            "std": 0.17891628246389948
        },
        "insert-auc": {
            "mean": 0.46694630807139165,
            "std": 0.17094668311272576
        },
        "complexity": {
            "mean": 112.63867151641846,
            "std": 16.495601600453195
        },
        "sparsity": {
            "mean": 2.0381309403181076,
            "std": 0.3219423888351363
        }
    },
    "deeplift-shap": {
        "avg-drop": {
            "mean": 0.07127058784807459,
            "std": 0.2380950735426042
        },
        "inc-conf": {
            "mean": 0.186,
            "std": 0.38910666917954523
        },
        "delete-auc": {
            "mean": 0.4391886729048279,
            "std": 0.1811455091779024
        },
        "insert-auc": {
            "mean": 0.4620782320273343,
            "std": 0.1665410546807234
        },
        "complexity": {
            "mean": 113.067565864563,
            "std": 16.535618900124074
        },
        "sparsity": {
            "mean": 2.0292552582025527,
            "std": 0.31252498057529776
        }
    },
    "gradient-shap": {
        "avg-drop": {
            "mean": 0.06475184187514947,
            "std": 0.2288036904257068
        },
        "inc-conf": {
            "mean": 0.121,
            "std": 0.3261272757682191
        },
        "delete-auc": {
            "mean": 0.35850738579812447,
            "std": 0.18626525441657066
        },
        "insert-auc": {
            "mean": 0.4463457288032271,
            "std": 0.182367502933642
        },
        "complexity": {
            "mean": 111.79404763793946,
            "std": 13.871566545402095
        },
        "sparsity": {
            "mean": 2.042005957365036,
            "std": 0.2598558535800435
        }
    },
    "guided-backprop": {
        "avg-drop": {
            "mean": 0.21450293940191387,
            "std": 0.3795632036270863
        },
        "inc-conf": {
            "mean": 0.061,
            "std": 0.23933031567271207
        },
        "delete-auc": {
            "mean": 0.44142402256094054,
            "std": 0.17293415459852995
        },
        "insert-auc": {
            "mean": 0.43038749848432656,
            "std": 0.18090083075008218
        },
        "complexity": {
            "mean": 111.94753050994873,
            "std": 12.7944156013553
        },
        "sparsity": {
            "mean": 2.0335412615537645,
            "std": 0.2435407381236169
        }
    }
}