{
    "ours": {
        "avg-drop": {
            "mean": 0.04079115632877438,
            "std": 0.12052473033649427
        },
        "inc-conf": {
            "mean": 0.205,
            "std": 0.40370162248868907
        },
        "delete-auc": {
            "mean": 0.2997408931689243,
            "std": 0.11718349125943948
        },
        "insert-auc": {
            "mean": 0.5813756363290993,
            "std": 0.10145205999294207
        },
        "complexity": {
            "mean": 62.95958953285217,
            "std": 16.73503511593833
        },
        "sparsity": {
            "mean": 6.132184108257293,
            "std": 2.365940720513344
        }
    },
    "layer-ig": {
        "avg-drop": {
            "mean": 0.03061034224253126,
            "std": 0.14319665883640273
        },
        "inc-conf": {
            "mean": 0.484,
            "std": 0.499743934430424
        },
        "delete-auc": {
            "mean": 0.322326139734191,
            "std": 0.11247165689420945
        },
        "insert-auc": {
            "mean": 0.38931125073182576,
            "std": 0.10198414665693527
        },
        "complexity": {
            "mean": 109.46259716033936,
            "std": 17.447365352121825
        },
        "sparsity": {
            "mean": 2.108682821393013,
            "std": 0.3817410983496765
        }
    },
    "saliency": {
        "avg-drop": {
            "mean": 0.7623564464189112,
            "std": 0.23948720527070474
        },
        "inc-conf": {
            "mean": 0.006,
            "std": 0.07722693830523131
        },
        "delete-auc": {
            "mean": 0.3722036273813138,
            "std": 0.06351894357768291
        },
        "insert-auc": {
            "mean": 0.36691495503253363,
            "std": 0.0715897573553119
        },
        "complexity": {
            "mean": 10.459771633863449,
            "std": 5.064569209812574
        },
        "sparsity": {
            "mean": 73.4851450061798,
            "std": 60.14436423588802
        }
    },
    "deeplift": {
        "avg-drop": {
            "mean": 0.029918375432705945,
            "std": 0.13638968919113947
        },
        "inc-conf": {
            "mean": 0.531,
            "std": 0.49903807469971667
        },
        "delete-auc": {
            "mean": 0.3410705939260956,
            "std": 0.09470557227801742
        },
        "insert-auc": {
            "mean": 0.36524566477805603,
            "std": 0.07412148198403494
        },
        "complexity": {
            "mean": 112.57860860061645,
            "std": 15.846361015597571
        },
        "sparsity": {
            "mean": 2.03550518488884,
            "std": 0.3206122631068064
        }
    },
    "deeplift-shap": {
        "avg-drop": {
            "mean": 0.028862036289672686,
            "std": 0.1361417323746161
        },
        "inc-conf": {
            "mean": 0.541,
            "std": 0.498316164698678
        },
        "delete-auc": {
            "mean": 0.3434815804565479,
            "std": 0.08934204620249667
        },
        "insert-auc": {
            "mean": 0.3663115769934134,
            "std": 0.07012704741769762
        },
        "complexity": {
            "mean": 112.575963306427,
            "std": 16.000189549828963
        },
        "sparsity": {
            "mean": 2.034566140174866,
            "std": 0.3068197720131078
        }
    },
    "gradient-shap": {
        "avg-drop": {
            "mean": 0.027084676807793584,
            "std": 0.12977725440604113
        },
        "inc-conf": {
            "mean": 0.418,
            "std": 0.49323016939356007
        },
        "delete-auc": {
            "mean": 0.33547765553675335,
            "std": 0.09669914437572605
        },
        "insert-auc": {
            "mean": 0.3822797546235373,
            "std": 0.08297616803807271
        },
        "complexity": {
            "mean": 110.75455864715576,
            "std": 14.35008006010647
        },
        "sparsity": {
            "mean": 2.062464886546135,
            "std": 0.28984660335125845
        }
    },
    "guided-backprop": {
        "avg-drop": {
            "mean": 0.08223768208492584,
            "std": 0.19946164669363778
        },
        "inc-conf": {
            "mean": 0.206,
            "std": 0.4044304637388237
        },
        "delete-auc": {
            "mean": 0.36760939696181877,
            "std": 0.0762160193309826
        },
        "insert-auc": {
            "mean": 0.35856666346756866,
            "std": 0.08515206510079266
        },
        "complexity": {
            "mean": 112.93935791778564,
            "std": 12.504099728486228
        },
        "sparsity": {
            "mean": 2.0111906962394714,
            "std": 0.22995295572563224
        }
    }
}