{
    "ours": {
        "avg-drop": {
            "mean": 0.04454173472695402,
            "std": 0.12533710515792515
        },
        "inc-conf": {
            "mean": 0.19,
            "std": 0.39230090491866065
        },
        "delete-auc": {
            "mean": 0.30265129682246866,
            "std": 0.12050155497785177
        },
        "insert-auc": {
            "mean": 0.5874549097511685,
            "std": 0.09655002715587523
        },
        "complexity": {
            "mean": 61.038711048126224,
            "std": 20.565025599231234
        },
        "sparsity": {
            "mean": 7.041680104732514,
            "std": 2.9758685509706817
        }
    },
    "layer-ig": {
        "avg-drop": {
            "mean": 0.6780505552941467,
            "std": 0.30219506870438057
        },
        "inc-conf": {
            "mean": 0.004,
            "std": 0.063118935352238
        },
        "delete-auc": {
            "mean": 0.3673332739042962,
            "std": 0.06693827043815584
        },
        "insert-auc": {
            "mean": 0.3778449396705298,
            "std": 0.08495633283072267
        },
        "complexity": {
            "mean": 11.073955040454864,
            "std": 3.8910713966121966
        },
        "sparsity": {
            "mean": 52.96112867355347,
            "std": 35.90290546241679
        }
    },
    "saliency": {
        "avg-drop": {
            "mean": 0.7680044762045145,
            "std": 0.2348953175148254
        },
        "inc-conf": {
            "mean": 0.006,
            "std": 0.07722693830523131
        },
        "delete-auc": {
            "mean": 0.3740067396916876,
            "std": 0.06273478847283016
        },
        "insert-auc": {
            "mean": 0.3653093582267078,
            "std": 0.07000792381847347
        },
        "complexity": {
            "mean": 10.441387226104736,
            "std": 5.1166964223344475
        },
        "sparsity": {
            "mean": 74.91926198196411,
            "std": 60.8038599358341
        }
    },
    "deeplift": {
        "avg-drop": {
            "mean": 0.8232770604938269,
            "std": 0.18375901661481872
        },
        "inc-conf": {
            "mean": 0.002,
            "std": 0.044676615807377355
        },
        "delete-auc": {
            "mean": 0.3764731920236948,
            "std": 0.053014903942247206
        },
        "insert-auc": {
            "mean": 0.36299063236421275,
            "std": 0.06139200024105029
        },
        "complexity": {
            "mean": 9.02990857744217,
            "std": 3.54511294578315
        },
        "sparsity": {
            "mean": 93.14500434494019,
            "std": 70.59504973106601
        }
    },
    "deeplift-shap": {
        "avg-drop": {
            "mean": 0.819441538259387,
            "std": 0.18387083549202646
        },
        "inc-conf": {
            "mean": 0.0,
            "std": 0.0
        },
        "delete-auc": {
            "mean": 0.37780803076032043,
            "std": 0.051657278746875306
        },
        "insert-auc": {
            "mean": 0.36298489462575095,
            "std": 0.06105056280887333
        },
        "complexity": {
            "mean": 8.925975497722625,
            "std": 3.5234970824743925
        },
        "sparsity": {
            "mean": 94.02950143051147,
            "std": 71.67736914387551
        }
    },
    "gradient-shap": {
        "avg-drop": {
            "mean": 0.7096723160967231,
            "std": 0.285824337677664
        },
        "inc-conf": {
            "mean": 0.004,
            "std": 0.063118935352238
        },
        "delete-auc": {
            "mean": 0.3797338359492796,
            "std": 0.0490557331260206
        },
        "insert-auc": {
            "mean": 0.3730781096811455,
            "std": 0.07816611746711413
        },
        "complexity": {
            "mean": 10.664508048057556,
            "std": 3.652119203069788
        },
        "sparsity": {
            "mean": 53.34175499534607,
            "std": 36.82898627238854
        }
    },
    "guided-backprop": {
        "avg-drop": {
            "mean": 0.8183053770437837,
            "std": 0.18795519336374217
        },
        "inc-conf": {
            "mean": 0.004,
            "std": 0.063118935352238
        },
        "delete-auc": {
            "mean": 0.3783238937596509,
            "std": 0.052663046554669746
        },
        "insert-auc": {
            "mean": 0.36566620023492047,
            "std": 0.06820026817742429
        },
        "complexity": {
            "mean": 9.887284975528717,
            "std": 4.031949693523069
        },
        "sparsity": {
            "mean": 77.44622994422913,
            "std": 57.66024277006974
        }
    }
}