{
    "ours": {
        "avg-drop": {
            "mean": 0.02449902594834566,
            "std": 0.06533616826976915
        },
        "delete-auc": {
            "mean": 0.26528688161199293,
            "std": 0.1206158657399992
        },
        "complexity": {
            "mean": 60.43207514381409,
            "std": 19.45252082315552
        },
        "sparsity": {
            "mean": 7.017666425704956,
            "std": 2.9182424302405034
        }
    },
    "layer-ig": {
        "avg-drop": {
            "mean": 0.013604116775095463,
            "std": 0.058628557042149476
        },
        "delete-auc": {
            "mean": 0.30631931616407304,
            "std": 0.10761470395873111
        },
        "complexity": {
            "mean": 5.7901886343956,
            "std": 1.7599113510906679
        },
        "sparsity": {
            "mean": 2.871813961982727,
            "std": 1.2047064498646634
        }
    },
    "saliency": {
        "avg-drop": {
            "mean": 0.4982156304419041,
            "std": 0.16923265020652925
        },
        "delete-auc": {
            "mean": 0.5285494442056451,
            "std": 0.08995343266934575
        },
        "complexity": {
            "mean": 10.462121658325195,
            "std": 5.074031923706877
        },
        "sparsity": {
            "mean": 73.54516243171692,
            "std": 60.172428452917366
        }
    },
    "deeplift": {
        "avg-drop": {
            "mean": 0.014923549950122834,
            "std": 0.06589478153737817
        },
        "delete-auc": {
            "mean": 0.2824789105028742,
            "std": 0.0623405904838385
        },
        "complexity": {
            "mean": 112.45730493545533,
            "std": 15.831705568213403
        },
        "sparsity": {
            "mean": 2.037685670375824,
            "std": 0.3207572975423399
        }
    },
    "deeplift-shap": {
        "avg-drop": {
            "mean": 0.014320909306406974,
            "std": 0.06608712301743881
        },
        "delete-auc": {
            "mean": 0.28174390520693526,
            "std": 0.06178002056532186
        },
        "complexity": {
            "mean": 112.46206470870972,
            "std": 16.019229982412007
        },
        "sparsity": {
            "mean": 2.036748052716255,
            "std": 0.30725535805147
        }
    },
    "gradient-shap": {
        "avg-drop": {
            "mean": 0.013080821052193641,
            "std": 0.058788255357997206
        },
        "delete-auc": {
            "mean": 0.2824796045575705,
            "std": 0.060103477062536464
        },
        "complexity": {
            "mean": 110.70778326416016,
            "std": 14.355623917247813
        },
        "sparsity": {
            "mean": 2.0633783739805223,
            "std": 0.2901357418907666
        }
    },
    "guided-backprop": {
        "avg-drop": {
            "mean": 0.046578814059495925,
            "std": 0.11024762047076739
        },
        "delete-auc": {
            "mean": 0.28268410533790783,
            "std": 0.05902663948364724
        },
        "complexity": {
            "mean": 112.94987258148193,
            "std": 12.515966967259548
        },
        "sparsity": {
            "mean": 2.011045790672302,
            "std": 0.2301097970349571
        }
    }
}