{
    "ours": {
        "avg-drop": {
            "mean": 0.01758627437290511,
            "std": 0.08915210853964503
        },
        "inc-conf": {
            "mean": 0.383,
            "std": 0.4861182983595659
        },
        "delete-auc": {
            "mean": 0.575053478748594,
            "std": 0.2030678578260156
        },
        "insert-auc": {
            "mean": 0.9308164193452578,
            "std": 0.10688642242898698
        },
        "complexity": {
            "mean": 6.848616271018982,
            "std": 2.02746957682299
        },
        "sparsity": {
            "mean": 6.757892532587052,
            "std": 4.28755261131186
        }
    },
    "layer-ig": {
        "avg-drop": {
            "mean": 0.014517479547230934,
            "std": 0.1125696956689832
        },
        "inc-conf": {
            "mean": 0.954,
            "std": 0.2094850830011531
        },
        "delete-auc": {
            "mean": 0.5702210797922278,
            "std": 0.22086744210225465
        },
        "insert-auc": {
            "mean": 0.8329570475734833,
            "std": 0.14595885022640057
        },
        "complexity": {
            "mean": 330.0520183525085,
            "std": 94.73285831674369
        },
        "sparsity": {
            "mean": 2.11707289814949,
            "std": 0.8634494309779475
        }
    },
    "saliency": {
        "avg-drop": {
            "mean": 0.47987232393212614,
            "std": 0.2369428867639843
        },
        "inc-conf": {
            "mean": 0.014,
            "std": 0.11749042514179613
        },
        "delete-auc": {
            "mean": 0.7376118809062239,
            "std": 0.1284027238830712
        },
        "insert-auc": {
            "mean": 0.7551432991668842,
            "std": 0.13898204975752976
        },
        "complexity": {
            "mean": 18.56837149810791,
            "std": 5.966568974350484
        },
        "sparsity": {
            "mean": 114.02065481376648,
            "std": 91.04608779065383
        }
    },
    "deeplift": {
        "avg-drop": {
            "mean": 0.02083879364317045,
            "std": 0.12582764596442786
        },
        "inc-conf": {
            "mean": 0.919,
            "std": 0.27283511504203417
        },
        "delete-auc": {
            "mean": 0.6234507648223437,
            "std": 0.2131364364643298
        },
        "insert-auc": {
            "mean": 0.7774382946483065,
            "std": 0.14047016807253598
        },
        "complexity": {
            "mean": 315.52744937515257,
            "std": 108.67876384036025
        },
        "sparsity": {
            "mean": 2.3483428095579146,
            "std": 1.2420167100115647
        }
    },
    "deeplift-shap": {
        "avg-drop": {
            "mean": 0.019534076568072975,
            "std": 0.1230938050152943
        },
        "inc-conf": {
            "mean": 0.928,
            "std": 0.2584879107424562
        },
        "delete-auc": {
            "mean": 0.5692703518290959,
            "std": 0.23443365775051161
        },
        "insert-auc": {
            "mean": 0.8020717923921314,
            "std": 0.1456457747212082
        },
        "complexity": {
            "mean": 315.1482725944519,
            "std": 103.8818374981654
        },
        "sparsity": {
            "mean": 2.3230971026420595,
            "std": 1.2067722248539645
        }
    },
    "gradient-shap": {
        "avg-drop": {
            "mean": 0.01776041501556429,
            "std": 0.12124478493253538
        },
        "inc-conf": {
            "mean": 0.896,
            "std": 0.30526054445342266
        },
        "delete-auc": {
            "mean": 0.5551886450654483,
            "std": 0.24174769125948006
        },
        "insert-auc": {
            "mean": 0.8184439709393553,
            "std": 0.1475254479095804
        },
        "complexity": {
            "mean": 293.9497163925171,
            "std": 111.32626800530107
        },
        "sparsity": {
            "mean": 2.535916481733322,
            "std": 1.22892509775951
        }
    },
    "guided-backprop": {
        "avg-drop": {
            "mean": 0.005978374207186079,
            "std": 0.0477066434183459
        },
        "inc-conf": {
            "mean": 0.625,
            "std": 0.4841229182759271
        },
        "delete-auc": {
            "mean": 0.7638166119586981,
            "std": 0.1496810711549179
        },
        "insert-auc": {
            "mean": 0.7691166226847165,
            "std": 0.14022241663212534
        },
        "complexity": {
            "mean": 313.07424513244626,
            "std": 41.0920556896371
        },
        "sparsity": {
            "mean": 2.0414104315042496,
            "std": 0.2932779212540344
        }
    }
}