{
    "ours": {
        "avg-drop": {
            "mean": 1.2894750947952272,
            "std": 1.733232299571841
        },
        "delete-auc": {
            "mean": 1.415230131884416,
            "std": 1.6831141637380285
        },
        "complexity": {
            "mean": 3.3450693593025207,
            "std": 1.0026134706896623
        },
        "sparsity": {
            "mean": 64.03996893310547,
            "std": 53.89775561582401
        }
    }
}