{
    "ours": {
        "avg-drop": {
            "mean": 0.30606799837272775,
            "std": 0.4040520371978861
        },
        "inc-conf": {
            "mean": 0.313,
            "std": 0.4637143517295966
        },
        "delete-auc": {
            "mean": 0.46349872360834343,
            "std": 0.3676377746001453
        },
        "insert-auc": {
            "mean": 0.7513250797715645,
            "std": 0.22458504230511403
        },
        "complexity": {
            "mean": 3.3450693593025207,
            "std": 1.0026134706896623
        },
        "sparsity": {
            "mean": 64.03996893310547,
            "std": 53.89775561582401
        }
    },
    "layer-ig": {
        "avg-drop": {
            "mean": 0.13515876739674787,
            "std": 0.2957979486736907
        },
        "inc-conf": {
            "mean": 0.653,
            "std": 0.4760157560417512
        },
        "delete-auc": {
            "mean": 0.5048584315847393,
            "std": 0.3058195886042515
        },
        "insert-auc": {
            "mean": 0.697914811421798,
            "std": 0.3454973055135727
        },
        "complexity": {
            "mean": 318.82802043151855,
            "std": 100.82289930216012
        },
        "sparsity": {
            "mean": 2.234157732486725,
            "std": 0.9649511747695525
        }
    },
    "saliency": {
        "avg-drop": {
            "mean": 0.44985468037999815,
            "std": 0.44161348722097216
        },
        "inc-conf": {
            "mean": 0.252,
            "std": 0.434161260363013
        },
        "delete-auc": {
            "mean": 0.5735887747017584,
            "std": 0.2500044445813973
        },
        "insert-auc": {
            "mean": 0.7527652116690181,
            "std": 0.21589577145468578
        },
        "complexity": {
            "mean": 13.113182763576507,
            "std": 2.980157718666368
        },
        "sparsity": {
            "mean": 412.46460029602054,
            "std": 157.3251344748153
        }
    },
    "deeplift": {
        "avg-drop": {
            "mean": 0.15122919818440278,
            "std": 0.3047218523995413
        },
        "inc-conf": {
            "mean": 0.659,
            "std": 0.474045356479736
        },
        "delete-auc": {
            "mean": 0.4943441331490993,
            "std": 0.2946174369350416
        },
        "insert-auc": {
            "mean": 0.6441813859025373,
            "std": 0.340355780689755
        },
        "complexity": {
            "mean": 311.61968906402586,
            "std": 102.01730489971433
        },
        "sparsity": {
            "mean": 2.313493198156357,
            "std": 1.0495521302130306
        }
    },
    "deeplift-shap": {
        "avg-drop": {
            "mean": 0.16180397831715163,
            "std": 0.3165363379937307
        },
        "inc-conf": {
            "mean": 0.658,
            "std": 0.47437959483940706
        },
        "delete-auc": {
            "mean": 0.49934165238217953,
            "std": 0.30921193736718566
        },
        "insert-auc": {
            "mean": 0.6559928789268153,
            "std": 0.35538348682887133
        },
        "complexity": {
            "mean": 309.5211101150513,
            "std": 87.21661591762268
        },
        "sparsity": {
            "mean": 2.236561719655991,
            "std": 0.8426290682985921
        }
    },
    "gradient-shap": {
        "avg-drop": {
            "mean": 0.13120841831624422,
            "std": 0.288750807623561
        },
        "inc-conf": {
            "mean": 0.649,
            "std": 0.4772829349557765
        },
        "delete-auc": {
            "mean": 0.46920404402968835,
            "std": 0.34177903248965563
        },
        "insert-auc": {
            "mean": 0.6709818761276358,
            "std": 0.38476048696600346
        },
        "complexity": {
            "mean": 299.29516693878173,
            "std": 98.75008256884168
        },
        "sparsity": {
            "mean": 2.4002436817884445,
            "std": 1.0343173012183626
        }
    },
    "guided-backprop": {
        "avg-drop": {
            "mean": 0.028413174289838933,
            "std": 0.08013315559387298
        },
        "inc-conf": {
            "mean": 0.477,
            "std": 0.4994707198625361
        },
        "delete-auc": {
            "mean": 0.6871766115671295,
            "std": 0.2346018170389913
        },
        "insert-auc": {
            "mean": 0.6952758316623604,
            "std": 0.24017476260651593
        },
        "complexity": {
            "mean": 311.3549969329834,
            "std": 32.902053730130945
        },
        "sparsity": {
            "mean": 2.0379310158491135,
            "std": 0.22636915075157815
        }
    }
}