{
    "ours": {
        "avg-drop": {
            "mean": 0.07322827881574631,
            "std": 0.15658364219700405
        },
        "inc-conf": {
            "mean": 0.364,
            "std": 0.481148625686492
        },
        "delete-auc": {
            "mean": 0.34240045853433254,
            "std": 0.4535489392132631
        },
        "insert-auc": {
            "mean": 0.8504053360132247,
            "std": 0.17717242527884125
        },
        "complexity": {
            "mean": 2.4011902161836622,
            "std": 0.6815262178718898
        },
        "sparsity": {
            "mean": 81.95237202072144,
            "std": 49.853630068994555
        }
    },
    "layer-ig": {
        "avg-drop": {
            "mean": 0.05444549722969532,
            "std": 0.1660542181701231
        },
        "inc-conf": {
            "mean": 0.841,
            "std": 0.3656760861746363
        },
        "delete-auc": {
            "mean": 0.39505281253579577,
            "std": 0.2764136024230297
        },
        "insert-auc": {
            "mean": 0.817065043647205,
            "std": 0.27872095763855426
        },
        "complexity": {
            "mean": 325.9741792907715,
            "std": 101.85786997099534
        },
        "sparsity": {
            "mean": 2.183990617632866,
            "std": 0.9521318277333632
        }
    },
    "saliency": {
        "avg-drop": {
            "mean": 0.3924864062964916,
            "std": 0.39216574585974073
        },
        "inc-conf": {
            "mean": 0.245,
            "std": 0.4300872004605578
        },
        "delete-auc": {
            "mean": 0.5713695249825623,
            "std": 0.25378878197505245
        },
        "insert-auc": {
            "mean": 0.7512680886462201,
            "std": 0.21528897235185712
        },
        "complexity": {
            "mean": 13.136908695220948,
            "std": 2.9714247888858716
        },
        "sparsity": {
            "mean": 411.1746520080566,
            "std": 156.61215533996722
        }
    },
    "deeplift": {
        "avg-drop": {
            "mean": 0.057190641328692435,
            "std": 0.16920412275842264
        },
        "inc-conf": {
            "mean": 0.853,
            "std": 0.35410591635836874
        },
        "delete-auc": {
            "mean": 0.4107243527464525,
            "std": 0.27436790159974767
        },
        "insert-auc": {
            "mean": 0.737418338453346,
            "std": 0.2916118127324693
        },
        "complexity": {
            "mean": 313.4563419151306,
            "std": 103.44972235612839
        },
        "sparsity": {
            "mean": 2.307928677916527,
            "std": 1.0752730883650585
        }
    },
    "deeplift-shap": {
        "avg-drop": {
            "mean": 0.05898016713559628,
            "std": 0.17373552692823
        },
        "inc-conf": {
            "mean": 0.861,
            "std": 0.3459465276599839
        },
        "delete-auc": {
            "mean": 0.3910329208687532,
            "std": 0.28012221852501606
        },
        "insert-auc": {
            "mean": 0.7693552228857912,
            "std": 0.2965858030806817
        },
        "complexity": {
            "mean": 312.99351930999757,
            "std": 88.28651266242524
        },
        "sparsity": {
            "mean": 2.212974004983902,
            "std": 0.8366943403899001
        }
    },
    "gradient-shap": {
        "avg-drop": {
            "mean": 0.049552562117576596,
            "std": 0.15714603048165393
        },
        "inc-conf": {
            "mean": 0.843,
            "std": 0.36380076965284175
        },
        "delete-auc": {
            "mean": 0.326238738547862,
            "std": 0.2821961879259307
        },
        "insert-auc": {
            "mean": 0.8155122278306103,
            "std": 0.29983424773442
        },
        "complexity": {
            "mean": 284.9408681793213,
            "std": 97.33821739924471
        },
        "sparsity": {
            "mean": 2.515202197194099,
            "std": 1.0188356118609145
        }
    },
    "guided-backprop": {
        "avg-drop": {
            "mean": 0.01712989091873169,
            "std": 0.05159781704817292
        },
        "inc-conf": {
            "mean": 0.56,
            "std": 0.4963869458396343
        },
        "delete-auc": {
            "mean": 0.6862489581295264,
            "std": 0.23691220843474023
        },
        "insert-auc": {
            "mean": 0.6985705181812437,
            "std": 0.23308524504657488
        },
        "complexity": {
            "mean": 311.42847996521,
            "std": 32.89335751114728
        },
        "sparsity": {
            "mean": 2.0372266368865968,
            "std": 0.22462172227853058
        }
    }
}