{
    "ours": {
        "avg-drop": {
            "mean": 0.37608150628209114,
            "std": 0.5779811078360902
        },
        "delete-auc": {
            "mean": 0.6557658291293517,
            "std": 0.6160251737267455
        },
        "complexity": {
            "mean": 2.4011902161836622,
            "std": 0.6815262178718898
        },
        "sparsity": {
            "mean": 81.95237202072144,
            "std": 49.853630068994555
        }
    }
}