{
    "ours": {
        "avg-drop": {
            "mean": 0.0019704462290438727,
            "std": 0.0147384450246392
        },
        "inc-conf": {
            "mean": 0.494,
            "std": 0.4999639987039066
        },
        "delete-auc": {
            "mean": 0.6223484603835641,
            "std": 0.21246558363351362
        },
        "insert-auc": {
            "mean": 0.8591715976457126,
            "std": 0.09475696924259507
        },
        "complexity": {
            "mean": 15.271289154291154,
            "std": 4.297343782284371
        },
        "sparsity": {
            "mean": 2.826595139861107,
            "std": 2.175894737425088
        }
    },
    "layer-ig": {
        "avg-drop": {
            "mean": 0.0025468183764502756,
            "std": 0.03924517899276568
        },
        "inc-conf": {
            "mean": 0.967,
            "std": 0.1786365024288149
        },
        "delete-auc": {
            "mean": 0.5631557036204712,
            "std": 0.22145820858703058
        },
        "insert-auc": {
            "mean": 0.8397385789012137,
            "std": 0.13057495091538193
        },
        "complexity": {
            "mean": 329.95298230361936,
            "std": 94.90030951621654
        },
        "sparsity": {
            "mean": 2.11919286108017,
            "std": 0.8681654749786973
        }
    },
    "saliency": {
        "avg-drop": {
            "mean": 0.479609621161595,
            "std": 0.23686761623191688
        },
        "inc-conf": {
            "mean": 0.014,
            "std": 0.11749042514179613
        },
        "delete-auc": {
            "mean": 0.7374220933439776,
            "std": 0.12861992423529334
        },
        "insert-auc": {
            "mean": 0.7548458469463151,
            "std": 0.1394641508805165
        },
        "complexity": {
            "mean": 18.57226536130905,
            "std": 5.96343117107367
        },
        "sparsity": {
            "mean": 114.00613714790344,
            "std": 91.07222947713005
        }
    },
    "deeplift": {
        "avg-drop": {
            "mean": 0.010676874705010504,
            "std": 0.08202801104699402
        },
        "inc-conf": {
            "mean": 0.93,
            "std": 0.25514701644346144
        },
        "delete-auc": {
            "mean": 0.6179395206827923,
            "std": 0.21608727522993723
        },
        "insert-auc": {
            "mean": 0.783428680536219,
            "std": 0.1276072263386855
        },
        "complexity": {
            "mean": 314.8325212211609,
            "std": 108.57994963588858
        },
        "sparsity": {
            "mean": 2.353380174279213,
            "std": 1.2429598258685584
        }
    },
    "deeplift-shap": {
        "avg-drop": {
            "mean": 0.009020786714142503,
            "std": 0.07316069499571579
        },
        "inc-conf": {
            "mean": 0.939,
            "std": 0.23933031567271204
        },
        "delete-auc": {
            "mean": 0.5624251837893174,
            "std": 0.23615411684041143
        },
        "insert-auc": {
            "mean": 0.8091191679824933,
            "std": 0.1300899299178587
        },
        "complexity": {
            "mean": 314.56294175338746,
            "std": 103.8964755024614
        },
        "sparsity": {
            "mean": 2.328016412615776,
            "std": 1.209099412052596
        }
    },
    "gradient-shap": {
        "avg-drop": {
            "mean": 0.004942077053532927,
            "std": 0.05411543118364358
        },
        "inc-conf": {
            "mean": 0.91,
            "std": 0.2861817604250837
        },
        "delete-auc": {
            "mean": 0.5485158445230808,
            "std": 0.24339818401251234
        },
        "insert-auc": {
            "mean": 0.8254470240502465,
            "std": 0.13208242824310418
        },
        "complexity": {
            "mean": 294.8712299194336,
            "std": 111.24341673797093
        },
        "sparsity": {
            "mean": 2.5249318581819535,
            "std": 1.2197580738703777
        }
    },
    "guided-backprop": {
        "avg-drop": {
            "mean": 0.003507701271007335,
            "std": 0.024931587307761176
        },
        "inc-conf": {
            "mean": 0.631,
            "std": 0.482533936630368
        },
        "delete-auc": {
            "mean": 0.7618813874648991,
            "std": 0.15308735109193355
        },
        "insert-auc": {
            "mean": 0.7699861939938639,
            "std": 0.1391547794249494
        },
        "complexity": {
            "mean": 312.61807237243653,
            "std": 41.15210057870177
        },
        "sparsity": {
            "mean": 2.0458664746284483,
            "std": 0.30666922743658404
        }
    }
}