{
    "ours": {
        "avg-drop": {
            "mean": 0.0634770135386949,
            "std": 0.15266052851889075
        },
        "inc-conf": {
            "mean": 0.12,
            "std": 0.32496153618543844
        },
        "delete-auc": {
            "mean": 0.38130119678761254,
            "std": 0.11500206753165587
        },
        "insert-auc": {
            "mean": 0.8742546275061925,
            "std": 0.10599302173753714
        },
        "complexity": {
            "mean": 24.997448293328286,
            "std": 2.675942879189666
        },
        "sparsity": {
            "mean": 13.953256805419922,
            "std": 2.0005455367317313
        }
    },
    "layer-ig": {
        "avg-drop": {
            "mean": 0.65321889911592,
            "std": 0.1573219033568307
        },
        "inc-conf": {
            "mean": 0.004,
            "std": 0.063118935352238
        },
        "delete-auc": {
            "mean": 0.6419693756643438,
            "std": 0.07912595807466423
        },
        "insert-auc": {
            "mean": 0.6363514901832283,
            "std": 0.0854250572337608
        },
        "complexity": {
            "mean": 9.242007599234581,
            "std": 2.9743347117069794
        },
        "sparsity": {
            "mean": 235.13497709846496,
            "std": 144.40176138282638
        }
    },
    "saliency": {
        "avg-drop": {
            "mean": 0.6383076882325113,
            "std": 0.16494830260289095
        },
        "inc-conf": {
            "mean": 0.004,
            "std": 0.063118935352238
        },
        "delete-auc": {
            "mean": 0.6420009673467744,
            "std": 0.08971248980351311
        },
        "insert-auc": {
            "mean": 0.6496302285537879,
            "std": 0.11990279279567441
        },
        "complexity": {
            "mean": 14.298237231254578,
            "std": 3.681862569426098
        },
        "sparsity": {
            "mean": 75.65313949108123,
            "std": 34.80358315156563
        }
    },
    "deeplift": {
        "avg-drop": {
            "mean": 0.6489625403732061,
            "std": 0.1512725843334269
        },
        "inc-conf": {
            "mean": 0.002,
            "std": 0.044676615807377355
        },
        "delete-auc": {
            "mean": 0.6412960115914884,
            "std": 0.08108419732801042
        },
        "insert-auc": {
            "mean": 0.6323568288198886,
            "std": 0.08191805041903576
        },
        "complexity": {
            "mean": 9.50140647637844,
            "std": 3.0007180511466927
        },
        "sparsity": {
            "mean": 225.9757674846649,
            "std": 149.63878888127113
        }
    },
    "deeplift-shap": {
        "avg-drop": {
            "mean": 0.6443385487198829,
            "std": 0.14686363612366127
        },
        "inc-conf": {
            "mean": 0.002,
            "std": 0.044676615807377355
        },
        "delete-auc": {
            "mean": 0.6411447811127212,
            "std": 0.08192903909141538
        },
        "insert-auc": {
            "mean": 0.6376520258446325,
            "std": 0.08293411591387853
        },
        "complexity": {
            "mean": 9.811932685613632,
            "std": 2.875048625514516
        },
        "sparsity": {
            "mean": 187.76848966407775,
            "std": 100.02522874704931
        }
    },
    "gradient-shap": {
        "avg-drop": {
            "mean": 0.6418098945915699,
            "std": 0.15421793924005053
        },
        "inc-conf": {
            "mean": 0.006,
            "std": 0.0772269383052313
        },
        "delete-auc": {
            "mean": 0.6395220038413527,
            "std": 0.0801518957915639
        },
        "insert-auc": {
            "mean": 0.6406709164484028,
            "std": 0.08865205631939521
        },
        "complexity": {
            "mean": 8.763828352451325,
            "std": 2.631698875761582
        },
        "sparsity": {
            "mean": 185.53876622772216,
            "std": 107.50725425273151
        }
    },
    "guided-backprop": {
        "avg-drop": {
            "mean": 0.6383076882325113,
            "std": 0.16494830260289095
        },
        "inc-conf": {
            "mean": 0.004,
            "std": 0.063118935352238
        },
        "delete-auc": {
            "mean": 0.6420009673467744,
            "std": 0.08971248980351311
        },
        "insert-auc": {
            "mean": 0.6496302285537879,
            "std": 0.11990279279567441
        },
        "complexity": {
            "mean": 14.298237231254578,
            "std": 3.681862569426098
        },
        "sparsity": {
            "mean": 75.65313949108123,
            "std": 34.80358315156563
        }
    }
}