{
    "ours": {
        "avg-drop": {
            "mean": 0.013687770892385771,
            "std": 0.07554946505910728
        },
        "inc-conf": {
            "mean": 0.431,
            "std": 0.49521611443893865
        },
        "delete-auc": {
            "mean": 0.5874346168111406,
            "std": 0.22107331117729193
        },
        "insert-auc": {
            "mean": 0.9348059431033999,
            "std": 0.0965133088063643
        },
        "complexity": {
            "mean": 8.538541764497756,
            "std": 2.8501786859220104
        },
        "sparsity": {
            "mean": 6.281701098799705,
            "std": 5.89269768052668
        }
    },
    "layer-ig": {
        "avg-drop": {
            "mean": 0.015158668809501862,
            "std": 0.11530787379212346
        },
        "inc-conf": {
            "mean": 0.952,
            "std": 0.2137662274541982
        },
        "delete-auc": {
            "mean": 0.5700868381621608,
            "std": 0.2210493649104343
        },
        "insert-auc": {
            "mean": 0.8331805593829748,
            "std": 0.14494428300093587
        },
        "complexity": {
            "mean": 330.3608494300842,
            "std": 94.87438295514339
        },
        "sparsity": {
            "mean": 2.115301147699356,
            "std": 0.8641564657049814
        }
    },
    "saliency": {
        "avg-drop": {
            "mean": 0.47948747944273057,
            "std": 0.2368194361098327
        },
        "inc-conf": {
            "mean": 0.014,
            "std": 0.11749042514179613
        },
        "delete-auc": {
            "mean": 0.737819339273191,
            "std": 0.1289581465205349
        },
        "insert-auc": {
            "mean": 0.7549144964399892,
            "std": 0.13932674999206868
        },
        "complexity": {
            "mean": 18.56160783481598,
            "std": 5.974735418362235
        },
        "sparsity": {
            "mean": 114.28367672920227,
            "std": 91.45164381925746
        }
    },
    "deeplift": {
        "avg-drop": {
            "mean": 0.02278546458075516,
            "std": 0.13311908494381136
        },
        "inc-conf": {
            "mean": 0.916,
            "std": 0.2773878151613729
        },
        "delete-auc": {
            "mean": 0.6246965996394623,
            "std": 0.21250332469153685
        },
        "insert-auc": {
            "mean": 0.7764826395023101,
            "std": 0.14094224498151903
        },
        "complexity": {
            "mean": 315.37107052993775,
            "std": 108.70194486326812
        },
        "sparsity": {
            "mean": 2.3485925551652906,
            "std": 1.2390403535925782
        }
    },
    "deeplift-shap": {
        "avg-drop": {
            "mean": 0.021187741842687444,
            "std": 0.12870493667223856
        },
        "inc-conf": {
            "mean": 0.925,
            "std": 0.26339134382131846
        },
        "delete-auc": {
            "mean": 0.570584288712967,
            "std": 0.23333231052336675
        },
        "insert-auc": {
            "mean": 0.8014006697468533,
            "std": 0.14689961919768302
        },
        "complexity": {
            "mean": 315.14748387527465,
            "std": 104.01136941116859
        },
        "sparsity": {
            "mean": 2.3231496840715407,
            "std": 1.2059611099704262
        }
    },
    "gradient-shap": {
        "avg-drop": {
            "mean": 0.017722664026365607,
            "std": 0.12004394143519495
        },
        "inc-conf": {
            "mean": 0.895,
            "std": 0.3065534211193866
        },
        "delete-auc": {
            "mean": 0.5564598159822595,
            "std": 0.2420097974973837
        },
        "insert-auc": {
            "mean": 0.8174496100911688,
            "std": 0.14884685785928356
        },
        "complexity": {
            "mean": 294.54603702545165,
            "std": 111.29376450461504
        },
        "sparsity": {
            "mean": 2.529757054448128,
            "std": 1.2263381311394737
        }
    },
    "guided-backprop": {
        "avg-drop": {
            "mean": 0.006127988118006414,
            "std": 0.043686804928972374
        },
        "inc-conf": {
            "mean": 0.625,
            "std": 0.4841229182759271
        },
        "delete-auc": {
            "mean": 0.7633618556908375,
            "std": 0.1515043875920992
        },
        "insert-auc": {
            "mean": 0.7689666524817744,
            "std": 0.14027882831576988
        },
        "complexity": {
            "mean": 312.7337367706299,
            "std": 41.1290312635389
        },
        "sparsity": {
            "mean": 2.0450664979219435,
            "std": 0.30651848260707765
        }
    }
}