{
    "ours": {
        "avg-drop": {
            "mean": 0.11483794584870338,
            "std": 0.188449101687508
        },
        "inc-conf": {
            "mean": 0.363,
            "std": 0.4808648458766766
        },
        "delete-auc": {
            "mean": 0.28708576788627554,
            "std": 0.2784623298493385
        },
        "insert-auc": {
            "mean": 0.40726640216908777,
            "std": 0.2627104599288725
        },
        "complexity": {
            "mean": 111.77287294006348,
            "std": 6.700298739661221
        },
        "sparsity": {
            "mean": 6.020774342536926,
            "std": 0.9384472742530339
        }
    },
    "layer-ig": {
        "avg-drop": {
            "mean": 0.33805261830985545,
            "std": 0.32778166053099517
        },
        "inc-conf": {
            "mean": 0.254,
            "std": 0.43529759935014567
        },
        "delete-auc": {
            "mean": 0.14181129440878526,
            "std": 0.1926157748651509
        },
        "insert-auc": {
            "mean": 0.14391177451449622,
            "std": 0.19067742762271192
        },
        "complexity": {
            "mean": 201.11822541046143,
            "std": 17.208123670092963
        },
        "sparsity": {
            "mean": 2.004833842754364,
            "std": 0.18195429697742452
        }
    },
    "saliency": {
        "avg-drop": {
            "mean": 0.625059516146779,
            "std": 0.2890461155257141
        },
        "inc-conf": {
            "mean": 0.058,
            "std": 0.23374344910606587
        },
        "delete-auc": {
            "mean": 0.196478752442193,
            "std": 0.20033925679690204
        },
        "insert-auc": {
            "mean": 0.4279782737052409,
            "std": 0.16576436235498215
        },
        "complexity": {
            "mean": 12.072520793914794,
            "std": 4.953086433004142
        },
        "sparsity": {
            "mean": 89.28713842773438,
            "std": 82.38757591995888
        }
    },
    "deeplift": {
        "avg-drop": {
            "mean": 0.4074186179190874,
            "std": 0.33813158267306975
        },
        "inc-conf": {
            "mean": 0.214,
            "std": 0.41012680965769605
        },
        "delete-auc": {
            "mean": 0.16254805086680135,
            "std": 0.20012140325517477
        },
        "insert-auc": {
            "mean": 0.1589558119548345,
            "std": 0.19573845815915025
        },
        "complexity": {
            "mean": 200.83680987548829,
            "std": 12.97095055395161
        },
        "sparsity": {
            "mean": 2.000450556755066,
            "std": 0.1269346192932949
        }
    },
    "deeplift-shap": {
        "avg-drop": {
            "mean": 0.4113127929121256,
            "std": 0.33884018620878464
        },
        "inc-conf": {
            "mean": 0.222,
            "std": 0.41559114523772045
        },
        "delete-auc": {
            "mean": 0.1644176074811782,
            "std": 0.20322716932316484
        },
        "insert-auc": {
            "mean": 0.16216482742010715,
            "std": 0.19672011298321793
        },
        "complexity": {
            "mean": 200.90997535705566,
            "std": 12.783450926177894
        },
        "sparsity": {
            "mean": 1.9995125675201415,
            "std": 0.12558009927244795
        }
    },
    "gradient-shap": {
        "avg-drop": {
            "mean": 0.38337320773303507,
            "std": 0.3290925759223435
        },
        "inc-conf": {
            "mean": 0.23,
            "std": 0.4208325082500163
        },
        "delete-auc": {
            "mean": 0.14753398800162926,
            "std": 0.19642025591184603
        },
        "insert-auc": {
            "mean": 0.14179837416766095,
            "std": 0.19912689984674467
        },
        "complexity": {
            "mean": 198.78620742797852,
            "std": 13.68533907156569
        },
        "sparsity": {
            "mean": 2.0232731927633285,
            "std": 0.14590004937709045
        }
    },
    "guided-backprop": {
        "avg-drop": {
            "mean": 0.3655601098835468,
            "std": 0.32575734010084534
        },
        "inc-conf": {
            "mean": 0.201,
            "std": 0.4007480505255141
        },
        "delete-auc": {
            "mean": 0.18016449667004808,
            "std": 0.20354471350956094
        },
        "insert-auc": {
            "mean": 0.1709950577134728,
            "std": 0.20080744354099267
        },
        "complexity": {
            "mean": 200.16901495361327,
            "std": 11.005827591880987
        },
        "sparsity": {
            "mean": 2.005617980003357,
            "std": 0.11241503477753251
        }
    }
}