{
    "ours": {
        "avg-drop": {
            "mean": 0.39681510612211424,
            "std": 0.3775551997972374
        },
        "inc-conf": {
            "mean": 0.118,
            "std": 0.3226081214104815
        },
        "delete-auc": {
            "mean": 0.3910938572418297,
            "std": 0.24121702720322963
        },
        "insert-auc": {
            "mean": 0.5809569549738023,
            "std": 0.21503008768096607
        },
        "complexity": {
            "mean": 24.7884408826828,
            "std": 2.4476472039638537
        },
        "sparsity": {
            "mean": 17.481788654088973,
            "std": 2.8219071077223536
        }
    },
    "layer-ig": {
        "avg-drop": {
            "mean": 0.3080678416593,
            "std": 0.3673958718433258
        },
        "inc-conf": {
            "mean": 0.226,
            "std": 0.4182391660282428
        },
        "delete-auc": {
            "mean": 0.5248141780581246,
            "std": 0.1939100045160165
        },
        "insert-auc": {
            "mean": 0.7630334706880111,
            "std": 0.17806785475453485
        },
        "complexity": {
            "mean": 10.5997398250103,
            "std": 2.9513418755675778
        },
        "sparsity": {
            "mean": 247.80199423217775,
            "std": 72.40865634452385
        }
    },
    "saliency": {
        "avg-drop": {
            "mean": 0.3720205025864416,
            "std": 0.3830813427937009
        },
        "inc-conf": {
            "mean": 0.212,
            "std": 0.40872484632084705
        },
        "delete-auc": {
            "mean": 0.5629442709224052,
            "std": 0.15108541797102415
        },
        "insert-auc": {
            "mean": 0.6408216403293299,
            "std": 0.18192479440440423
        },
        "complexity": {
            "mean": 14.935152982234955,
            "std": 3.53207891725784
        },
        "sparsity": {
            "mean": 81.76960371589661,
            "std": 38.39347029722725
        }
    },
    "deeplift": {
        "avg-drop": {
            "mean": 0.3106056202172767,
            "std": 0.3166068247139329
        },
        "inc-conf": {
            "mean": 0.172,
            "std": 0.3773804446443933
        },
        "delete-auc": {
            "mean": 0.5623344667763696,
            "std": 0.15488225378816703
        },
        "insert-auc": {
            "mean": 0.7662242361860229,
            "std": 0.1587439209683562
        },
        "complexity": {
            "mean": 8.7601504509449,
            "std": 2.850489202284212
        },
        "sparsity": {
            "mean": 293.8785022315979,
            "std": 102.51059525349505
        }
    },
    "deeplift-shap": {
        "avg-drop": {
            "mean": 0.27514396101119926,
            "std": 0.31422243872257916
        },
        "inc-conf": {
            "mean": 0.206,
            "std": 0.4044304637388237
        },
        "delete-auc": {
            "mean": 0.5568013366856639,
            "std": 0.15970075448454374
        },
        "insert-auc": {
            "mean": 0.7521153908558269,
            "std": 0.1673235688551266
        },
        "complexity": {
            "mean": 9.573259074211121,
            "std": 2.7477162152421997
        },
        "sparsity": {
            "mean": 219.21205585956574,
            "std": 61.864726906786004
        }
    },
    "gradient-shap": {
        "avg-drop": {
            "mean": 0.2761660518785939,
            "std": 0.3251880727388224
        },
        "inc-conf": {
            "mean": 0.224,
            "std": 0.41692205506545227
        },
        "delete-auc": {
            "mean": 0.5538542428984587,
            "std": 0.16179341386151747
        },
        "insert-auc": {
            "mean": 0.7480334685038933,
            "std": 0.17320558530757765
        },
        "complexity": {
            "mean": 10.092377204418183,
            "std": 3.094247644316157
        },
        "sparsity": {
            "mean": 219.1774349269867,
            "std": 149.48085887688674
        }
    },
    "guided-backprop": {
        "avg-drop": {
            "mean": 0.3720205025864416,
            "std": 0.3830813427937009
        },
        "inc-conf": {
            "mean": 0.212,
            "std": 0.40872484632084705
        },
        "delete-auc": {
            "mean": 0.5629442709224052,
            "std": 0.15108541797102415
        },
        "insert-auc": {
            "mean": 0.6408216403293299,
            "std": 0.18192479440440423
        },
        "complexity": {
            "mean": 14.935152982234955,
            "std": 3.53207891725784
        },
        "sparsity": {
            "mean": 81.76960371589661,
            "std": 38.39347029722725
        }
    }
}