{
    "f1_macro": 0.9949112734956715,
    "f1_micro": 0.9974,
    "attribution": {
        "ours": {
            "iou": 0.45934978127479553
        },
        "layer-ig": {
            "iou": 0.46122220158576965
        },
        "saliency": {
            "iou": 0.46244731545448303
        },
        "deeplift": {
            "iou": 0.46112293004989624
        },
        "deeplift-shap": {
            "iou": 0.4611278772354126
        },
        "gradient-shap": {
            "iou": 0.46069204807281494
        },
        "guided-backprop": {
            "iou": 0.4624473452568054
        }
    }
}