{
    "ours": {
        "avg-drop": {
            "mean": 0.03003000749197048,
            "std": 0.1504568849554862
        },
        "inc-conf": {
            "mean": 0.128,
            "std": 0.33408980828513757
        },
        "delete-auc": {
            "mean": 0.5863609892479,
            "std": 0.19474259414183184
        },
        "insert-auc": {
            "mean": 0.6041508344579731,
            "std": 0.12220681228409284
        },
        "complexity": {
            "mean": 43.25312636566162,
            "std": 2.550535135075097
        },
        "sparsity": {
            "mean": 7.328963501930237,
            "std": 0.4347722572636524
        }
    },
    "layer-ig": {
        "avg-drop": {
            "mean": 0.6173087078661911,
            "std": 0.39851877246819384
        },
        "inc-conf": {
            "mean": 0.004,
            "std": 0.063118935352238
        },
        "delete-auc": {
            "mean": 0.4837340734748451,
            "std": 0.1511417586401762
        },
        "insert-auc": {
            "mean": 0.5539792374584598,
            "std": 0.10463150126227157
        },
        "complexity": {
            "mean": 6.723130307674408,
            "std": 1.6247554249849139
        },
        "sparsity": {
            "mean": 305.88514779663086,
            "std": 113.78943612697948
        }
    },
    "saliency": {
        "avg-drop": {
            "mean": 0.5278279858263714,
            "std": 0.4216464975280183
        },
        "inc-conf": {
            "mean": 0.002,
            "std": 0.044676615807377355
        },
        "delete-auc": {
            "mean": 0.5180013525543928,
            "std": 0.10770462021724428
        },
        "insert-auc": {
            "mean": 0.5239050844714248,
            "std": 0.052387428951177914
        },
        "complexity": {
            "mean": 8.395658179759979,
            "std": 2.030881534793138
        },
        "sparsity": {
            "mean": 187.3381820220947,
            "std": 84.71575177203516
        }
    },
    "deeplift": {
        "avg-drop": {
            "mean": 0.6477391550191476,
            "std": 0.3849250573740713
        },
        "inc-conf": {
            "mean": 0.002,
            "std": 0.044676615807377355
        },
        "delete-auc": {
            "mean": 0.49287629458931614,
            "std": 0.136280343209628
        },
        "insert-auc": {
            "mean": 0.5476483305948336,
            "std": 0.09274184097735953
        },
        "complexity": {
            "mean": 6.469266185283661,
            "std": 1.5727637433927444
        },
        "sparsity": {
            "mean": 335.9023155212402,
            "std": 134.4533836375052
        }
    },
    "deeplift-shap": {
        "avg-drop": {
            "mean": 0.652317047275304,
            "std": 0.3839306393869317
        },
        "inc-conf": {
            "mean": 0.002,
            "std": 0.044676615807377355
        },
        "delete-auc": {
            "mean": 0.49405640180046473,
            "std": 0.13627414255806114
        },
        "insert-auc": {
            "mean": 0.5468945132761296,
            "std": 0.09171094331513178
        },
        "complexity": {
            "mean": 6.529150770664215,
            "std": 1.585840212865754
        },
        "sparsity": {
            "mean": 325.0906841430664,
            "std": 129.53597517767656
        }
    },
    "gradient-shap": {
        "avg-drop": {
            "mean": 0.4444951824788284,
            "std": 0.42878811687090473
        },
        "inc-conf": {
            "mean": 0.002,
            "std": 0.044676615807377355
        },
        "delete-auc": {
            "mean": 0.48397212246568416,
            "std": 0.15498711302320178
        },
        "insert-auc": {
            "mean": 0.5550497166662892,
            "std": 0.10904855523263429
        },
        "complexity": {
            "mean": 7.692431940078736,
            "std": 1.9876185396129766
        },
        "sparsity": {
            "mean": 141.59382183837891,
            "std": 61.091883213611396
        }
    },
    "guided-backprop": {
        "avg-drop": {
            "mean": 0.5278165339779143,
            "std": 0.42164291277777005
        },
        "inc-conf": {
            "mean": 0.002,
            "std": 0.044676615807377355
        },
        "delete-auc": {
            "mean": 0.5179670416845531,
            "std": 0.10773748658992365
        },
        "insert-auc": {
            "mean": 0.5238899040270214,
            "std": 0.05236423074651224
        },
        "complexity": {
            "mean": 8.39569379711151,
            "std": 2.0309324619269193
        },
        "sparsity": {
            "mean": 187.33811390686034,
            "std": 84.71690335500875
        }
    }
}