{
    "ours": {
        "avg-drop": {
            "mean": 0.02683547593034298,
            "std": 0.1283967362320026
        },
        "inc-conf": {
            "mean": 0.388,
            "std": 0.48729457210192695
        },
        "delete-auc": {
            "mean": 0.5684946715937185,
            "std": 0.27136293301457076
        },
        "insert-auc": {
            "mean": 0.9056742803774412,
            "std": 0.14590452834348328
        },
        "complexity": {
            "mean": 10.810214773178101,
            "std": 3.4640254741311485
        },
        "sparsity": {
            "mean": 2.895832717180252,
            "std": 2.069820585951417
        }
    },
    "layer-ig": {
        "avg-drop": {
            "mean": 0.04215399815833796,
            "std": 0.1915022956743514
        },
        "inc-conf": {
            "mean": 0.919,
            "std": 0.27283511504203417
        },
        "delete-auc": {
            "mean": 0.5851964517036887,
            "std": 0.21596560702492176
        },
        "insert-auc": {
            "mean": 0.8188027751484053,
            "std": 0.17208436356211346
        },
        "complexity": {
            "mean": 331.4347397727966,
            "std": 94.70916666935348
        },
        "sparsity": {
            "mean": 2.1041131089925766,
            "std": 0.8477249702426869
        }
    },
    "saliency": {
        "avg-drop": {
            "mean": 0.47968777175433935,
            "std": 0.23681336696649605
        },
        "inc-conf": {
            "mean": 0.014,
            "std": 0.11749042514179613
        },
        "delete-auc": {
            "mean": 0.738163098251352,
            "std": 0.12769739065712
        },
        "insert-auc": {
            "mean": 0.7554120512199496,
            "std": 0.1388495376415748
        },
        "complexity": {
            "mean": 18.563025192260742,
            "std": 5.946081905179493
        },
        "sparsity": {
            "mean": 113.92374242210389,
            "std": 90.69681575975531
        }
    },
    "deeplift": {
        "avg-drop": {
            "mean": 0.04728641295478383,
            "std": 0.1927797512039902
        },
        "inc-conf": {
            "mean": 0.883,
            "std": 0.32142028560748925
        },
        "delete-auc": {
            "mean": 0.636028193082821,
            "std": 0.20680902848677077
        },
        "insert-auc": {
            "mean": 0.7652131247458256,
            "std": 0.1598770356008945
        },
        "complexity": {
            "mean": 314.82260790634155,
            "std": 108.63754337660473
        },
        "sparsity": {
            "mean": 2.3606990362405775,
            "std": 1.2739858135538114
        }
    },
    "deeplift-shap": {
        "avg-drop": {
            "mean": 0.047597280328583055,
            "std": 0.19609887932979758
        },
        "inc-conf": {
            "mean": 0.892,
            "std": 0.3103804117530615
        },
        "delete-auc": {
            "mean": 0.5866788143407228,
            "std": 0.2311209688724029
        },
        "insert-auc": {
            "mean": 0.7870396381577712,
            "std": 0.1683251770475632
        },
        "complexity": {
            "mean": 313.67081503677366,
            "std": 103.96163989399524
        },
        "sparsity": {
            "mean": 2.339094433426857,
            "std": 1.2273853160505694
        }
    },
    "gradient-shap": {
        "avg-drop": {
            "mean": 0.03995816103768007,
            "std": 0.18314344494528684
        },
        "inc-conf": {
            "mean": 0.864,
            "std": 0.34278856457005674
        },
        "delete-auc": {
            "mean": 0.5690091070902384,
            "std": 0.2401791470456073
        },
        "insert-auc": {
            "mean": 0.8054703636225631,
            "std": 0.16759200716953315
        },
        "complexity": {
            "mean": 293.8122898101807,
            "std": 111.07074429995535
        },
        "sparsity": {
            "mean": 2.533976467370987,
            "std": 1.2216214290309164
        }
    },
    "guided-backprop": {
        "avg-drop": {
            "mean": 0.006218355852467738,
            "std": 0.04340394483035356
        },
        "inc-conf": {
            "mean": 0.62,
            "std": 0.48538644398046393
        },
        "delete-auc": {
            "mean": 0.762867411947549,
            "std": 0.15130316152316517
        },
        "insert-auc": {
            "mean": 0.7681939294778729,
            "std": 0.14186714940322112
        },
        "complexity": {
            "mean": 312.090006149292,
            "std": 41.28587720976575
        },
        "sparsity": {
            "mean": 2.04923682820797,
            "std": 0.30500465238261193
        }
    }
}