{
    "ours": {
        "avg-drop": {
            "mean": 1.2628570620417594,
            "std": 1.7260897190474487
        },
        "delete-auc": {
            "mean": 1.4880112541582848,
            "std": 1.6925040837110432
        },
        "complexity": {
            "mean": 3.163791958332062,
            "std": 0.8875947572839918
        },
        "sparsity": {
            "mean": 65.08103349876404,
            "std": 53.12892360644837
        }
    }
}