{
    "ours": {
        "avg-drop": {
            "mean": 0.2964124836942319,
            "std": 0.4000629826918802
        },
        "inc-conf": {
            "mean": 0.318,
            "std": 0.4656994739099455
        },
        "delete-auc": {
            "mean": 0.4607166827924005,
            "std": 0.37204774295551185
        },
        "insert-auc": {
            "mean": 0.7565537505625235,
            "std": 0.221441289238196
        },
        "complexity": {
            "mean": 3.163791958332062,
            "std": 0.8875947572839918
        },
        "sparsity": {
            "mean": 65.08103349876404,
            "std": 53.12892360644837
        }
    },
    "layer-ig": {
        "avg-drop": {
            "mean": 0.13076441373319903,
            "std": 0.29174079750522436
        },
        "inc-conf": {
            "mean": 0.66,
            "std": 0.4737087712930805
        },
        "delete-auc": {
            "mean": 0.5014910171151643,
            "std": 0.30805468390903057
        },
        "insert-auc": {
            "mean": 0.7007469215674776,
            "std": 0.34488811597978086
        },
        "complexity": {
            "mean": 320.2946370391846,
            "std": 100.83367435203785
        },
        "sparsity": {
            "mean": 2.222368805527687,
            "std": 0.9609582844355463
        }
    },
    "saliency": {
        "avg-drop": {
            "mean": 0.4493133792338485,
            "std": 0.4415762699865107
        },
        "inc-conf": {
            "mean": 0.252,
            "std": 0.434161260363013
        },
        "delete-auc": {
            "mean": 0.5732628663558899,
            "std": 0.2501216799107576
        },
        "insert-auc": {
            "mean": 0.7515175069802534,
            "std": 0.21672271467541285
        },
        "complexity": {
            "mean": 13.118455559253693,
            "std": 2.9839922865081374
        },
        "sparsity": {
            "mean": 412.376006149292,
            "std": 157.42003013338135
        }
    },
    "deeplift": {
        "avg-drop": {
            "mean": 0.1467122277380695,
            "std": 0.3017324892840911
        },
        "inc-conf": {
            "mean": 0.668,
            "std": 0.47093099282166595
        },
        "delete-auc": {
            "mean": 0.49156085757311563,
            "std": 0.2934648786392625
        },
        "insert-auc": {
            "mean": 0.6478466591489742,
            "std": 0.3378561291787015
        },
        "complexity": {
            "mean": 313.3148017196655,
            "std": 102.13614953614491
        },
        "sparsity": {
            "mean": 2.299839219212532,
            "std": 1.0459149563831331
        }
    },
    "deeplift-shap": {
        "avg-drop": {
            "mean": 0.1572044166817468,
            "std": 0.3134934679795615
        },
        "inc-conf": {
            "mean": 0.666,
            "std": 0.47163969298607594
        },
        "delete-auc": {
            "mean": 0.49637700086033215,
            "std": 0.3100114938736353
        },
        "insert-auc": {
            "mean": 0.6600196764008888,
            "std": 0.3534079337547994
        },
        "complexity": {
            "mean": 311.1544059829712,
            "std": 87.30104376319485
        },
        "sparsity": {
            "mean": 2.2231454367637635,
            "std": 0.8358162400964496
        }
    },
    "gradient-shap": {
        "avg-drop": {
            "mean": 0.1268208718933529,
            "std": 0.2836901130901835
        },
        "inc-conf": {
            "mean": 0.654,
            "std": 0.4756931784249171
        },
        "delete-auc": {
            "mean": 0.465957641582577,
            "std": 0.3415999163472019
        },
        "insert-auc": {
            "mean": 0.6751725193843962,
            "std": 0.38221718296751267
        },
        "complexity": {
            "mean": 299.6399825210571,
            "std": 98.8155874377687
        },
        "sparsity": {
            "mean": 2.396806016802788,
            "std": 1.0324045649151445
        }
    },
    "guided-backprop": {
        "avg-drop": {
            "mean": 0.028195402057936008,
            "std": 0.08024759027321167
        },
        "inc-conf": {
            "mean": 0.478,
            "std": 0.4995157655169654
        },
        "delete-auc": {
            "mean": 0.6863130256407797,
            "std": 0.23460828299768866
        },
        "insert-auc": {
            "mean": 0.6954338709055905,
            "std": 0.2398589292961148
        },
        "complexity": {
            "mean": 311.26077717590334,
            "std": 32.93280407369535
        },
        "sparsity": {
            "mean": 2.0385896193981172,
            "std": 0.22656047245368638
        }
    }
}