{
    "ours": {
        "avg-drop": {
            "mean": 0.019948172506237826,
            "std": 0.07684273055067777
        },
        "inc-conf": {
            "mean": 0.411,
            "std": 0.49201524366629135
        },
        "delete-auc": {
            "mean": 0.3280978500262438,
            "std": 0.1359080449014446
        },
        "insert-auc": {
            "mean": 0.5197947382152852,
            "std": 0.09965628348992045
        },
        "complexity": {
            "mean": 153.03306845855712,
            "std": 22.01534230081443
        },
        "sparsity": {
            "mean": 1.8063275121450424,
            "std": 0.5251733219738897
        }
    },
    "layer-ig": {
        "avg-drop": {
            "mean": 0.018940389630510254,
            "std": 0.10462977509238293
        },
        "inc-conf": {
            "mean": 0.496,
            "std": 0.4999839997439918
        },
        "delete-auc": {
            "mean": 0.3209956641990673,
            "std": 0.11395157152936965
        },
        "insert-auc": {
            "mean": 0.3915229144847864,
            "std": 0.09869482443733343
        },
        "complexity": {
            "mean": 109.27708399200439,
            "std": 17.45846957469131
        },
        "sparsity": {
            "mean": 2.1124214384555815,
            "std": 0.38237536705600633
        }
    },
    "saliency": {
        "avg-drop": {
            "mean": 0.7621205383874476,
            "std": 0.23967415354443228
        },
        "inc-conf": {
            "mean": 0.006,
            "std": 0.07722693830523131
        },
        "delete-auc": {
            "mean": 0.37190172390090975,
            "std": 0.06418371891794439
        },
        "insert-auc": {
            "mean": 0.36672187804792306,
            "std": 0.07148595182185488
        },
        "complexity": {
            "mean": 10.452694397687912,
            "std": 5.0630016011146
        },
        "sparsity": {
            "mean": 73.4178246231079,
            "std": 60.00873797748768
        }
    },
    "deeplift": {
        "avg-drop": {
            "mean": 0.020661547050094667,
            "std": 0.10728096481190877
        },
        "inc-conf": {
            "mean": 0.542,
            "std": 0.49823287727728277
        },
        "delete-auc": {
            "mean": 0.3400750457441683,
            "std": 0.09580545478889449
        },
        "insert-auc": {
            "mean": 0.36660053687325495,
            "std": 0.071424025746266
        },
        "complexity": {
            "mean": 112.3411268043518,
            "std": 15.852847323680274
        },
        "sparsity": {
            "mean": 2.039893543958664,
            "std": 0.32099217175640343
        }
    },
    "deeplift-shap": {
        "avg-drop": {
            "mean": 0.019090382347083504,
            "std": 0.10489750098709986
        },
        "inc-conf": {
            "mean": 0.553,
            "std": 0.4971830648765101
        },
        "delete-auc": {
            "mean": 0.3422405241898767,
            "std": 0.0910163705665024
        },
        "insert-auc": {
            "mean": 0.3670825700770474,
            "std": 0.06847919904099757
        },
        "complexity": {
            "mean": 112.22631031417846,
            "std": 15.999594348892147
        },
        "sparsity": {
            "mean": 2.041118424654007,
            "std": 0.30820144520018017
        }
    },
    "gradient-shap": {
        "avg-drop": {
            "mean": 0.01745695024739325,
            "std": 0.0955854593135354
        },
        "inc-conf": {
            "mean": 0.427,
            "std": 0.494642294997102
        },
        "delete-auc": {
            "mean": 0.33404355760923204,
            "std": 0.09823848518880814
        },
        "insert-auc": {
            "mean": 0.38338170459538584,
            "std": 0.08115228480456614
        },
        "complexity": {
            "mean": 110.77023033905029,
            "std": 14.37310328276049
        },
        "sparsity": {
            "mean": 2.0621197249889374,
            "std": 0.28904938878043196
        }
    },
    "guided-backprop": {
        "avg-drop": {
            "mean": 0.08493385356026738,
            "std": 0.20505302575167675
        },
        "inc-conf": {
            "mean": 0.205,
            "std": 0.40370162248868907
        },
        "delete-auc": {
            "mean": 0.3680921221491304,
            "std": 0.07552273718179557
        },
        "insert-auc": {
            "mean": 0.3580955822625417,
            "std": 0.08583589889557
        },
        "complexity": {
            "mean": 113.04622525787353,
            "std": 12.513962890582523
        },
        "sparsity": {
            "mean": 2.009294767975807,
            "std": 0.22994241991918304
        }
    }
}