{
    "f1_macro": 0.9949112734956715,
    "f1_micro": 0.9974,
    "attribution": {
        "ours": {
            "iou": 0.45935192704200745
        },
        "layer-ig": {
            "iou": 0.46121883392333984
        },
        "saliency": {
            "iou": 0.46244099736213684
        },
        "deeplift": {
            "iou": 0.46112415194511414
        },
        "deeplift-shap": {
            "iou": 0.46112802624702454
        },
        "gradient-shap": {
            "iou": 0.4606926441192627
        },
        "guided-backprop": {
            "iou": 0.4624411463737488
        }
    }
}