{
    "ours": {
        "avg-drop": {
            "mean": 0.028903573298989328,
            "std": 0.15057236257014414
        },
        "inc-conf": {
            "mean": 0.11,
            "std": 0.31288975694324034
        },
        "delete-auc": {
            "mean": 0.5033432534683246,
            "std": 0.14220004443853276
        },
        "insert-auc": {
            "mean": 0.5968464143224304,
            "std": 0.10608911542788221
        },
        "complexity": {
            "mean": 44.4394111404419,
            "std": 1.8564497566470872
        },
        "sparsity": {
            "mean": 7.083792201042176,
            "std": 0.2947133499806554
        }
    },
    "layer-ig": {
        "avg-drop": {
            "mean": 0.6175291929574005,
            "std": 0.39868304157667533
        },
        "inc-conf": {
            "mean": 0.004,
            "std": 0.063118935352238
        },
        "delete-auc": {
            "mean": 0.48285942111246516,
            "std": 0.15260474454476633
        },
        "insert-auc": {
            "mean": 0.5539203874006564,
            "std": 0.10462537676311733
        },
        "complexity": {
            "mean": 6.724643138885498,
            "std": 1.6207015455957794
        },
        "sparsity": {
            "mean": 305.02878561401366,
            "std": 111.99461135955733
        }
    },
    "saliency": {
        "avg-drop": {
            "mean": 0.5273359152281473,
            "std": 0.4213479381670655
        },
        "inc-conf": {
            "mean": 0.002,
            "std": 0.044676615807377355
        },
        "delete-auc": {
            "mean": 0.5186215168073096,
            "std": 0.10645868125062666
        },
        "insert-auc": {
            "mean": 0.5238354281735121,
            "std": 0.052377463301321966
        },
        "complexity": {
            "mean": 8.379747776031493,
            "std": 2.0350819169156713
        },
        "sparsity": {
            "mean": 187.87946713256835,
            "std": 85.26694404630615
        }
    },
    "deeplift": {
        "avg-drop": {
            "mean": 0.648128997954065,
            "std": 0.38520386270805723
        },
        "inc-conf": {
            "mean": 0.002,
            "std": 0.044676615807377355
        },
        "delete-auc": {
            "mean": 0.4917937318337087,
            "std": 0.1382637500092825
        },
        "insert-auc": {
            "mean": 0.5472119845860923,
            "std": 0.09266195953901414
        },
        "complexity": {
            "mean": 6.47683192062378,
            "std": 1.5700799503487926
        },
        "sparsity": {
            "mean": 334.97827996826175,
            "std": 133.5277677457221
        }
    },
    "deeplift-shap": {
        "avg-drop": {
            "mean": 0.6526814788949482,
            "std": 0.3841897285755825
        },
        "inc-conf": {
            "mean": 0.002,
            "std": 0.044676615807377355
        },
        "delete-auc": {
            "mean": 0.4927936593103118,
            "std": 0.13892619006517817
        },
        "insert-auc": {
            "mean": 0.5464266628612904,
            "std": 0.09176565397202995
        },
        "complexity": {
            "mean": 6.538378242969513,
            "std": 1.5829629294158998
        },
        "sparsity": {
            "mean": 324.0860140686035,
            "std": 128.57062292163846
        }
    },
    "gradient-shap": {
        "avg-drop": {
            "mean": 0.4389292903374051,
            "std": 0.42698588626162143
        },
        "inc-conf": {
            "mean": 0.004,
            "std": 0.063118935352238
        },
        "delete-auc": {
            "mean": 0.4855091731382418,
            "std": 0.1528911775241228
        },
        "insert-auc": {
            "mean": 0.5497193712234902,
            "std": 0.10028133959890699
        },
        "complexity": {
            "mean": 7.775738793849945,
            "std": 2.00366701954158
        },
        "sparsity": {
            "mean": 139.77209090423585,
            "std": 61.315071488150096
        }
    },
    "guided-backprop": {
        "avg-drop": {
            "mean": 0.5273732066347556,
            "std": 0.4213550677170916
        },
        "inc-conf": {
            "mean": 0.002,
            "std": 0.044676615807377355
        },
        "delete-auc": {
            "mean": 0.5186210350140134,
            "std": 0.10645864525318424
        },
        "insert-auc": {
            "mean": 0.5238646019485368,
            "std": 0.052430137470460346
        },
        "complexity": {
            "mean": 8.37970149230957,
            "std": 2.0350009336980523
        },
        "sparsity": {
            "mean": 187.8796825942993,
            "std": 85.26574266629197
        }
    }
}