{
    "ours": {
        "avg-drop": {
            "mean": 0.2997744432996697,
            "std": 0.39679495583231916
        },
        "inc-conf": {
            "mean": 0.316,
            "std": 0.4649128950674523
        },
        "delete-auc": {
            "mean": 0.47918195976419226,
            "std": 0.37803929114516377
        },
        "insert-auc": {
            "mean": 0.7645548509924961,
            "std": 0.21941501080229917
        },
        "complexity": {
            "mean": 2.099509490966797,
            "std": 0.7456864459219251
        },
        "sparsity": {
            "mean": 107.88796081161499,
            "std": 73.61817988179901
        }
    },
    "layer-ig": {
        "avg-drop": {
            "mean": 0.5063364530164763,
            "std": 0.46568252343935673
        },
        "inc-conf": {
            "mean": 0.308,
            "std": 0.4616665463297075
        },
        "delete-auc": {
            "mean": 0.603227247352498,
            "std": 0.2431886880158275
        },
        "insert-auc": {
            "mean": 0.7005107413192009,
            "std": 0.21939470490326066
        },
        "complexity": {
            "mean": 3.5766010437011717,
            "std": 1.3815758404854241
        },
        "sparsity": {
            "mean": 2727.889612915039,
            "std": 1536.9873884160588
        }
    },
    "saliency": {
        "avg-drop": {
            "mean": 0.43998293396376537,
            "std": 0.4377893186549667
        },
        "inc-conf": {
            "mean": 0.258,
            "std": 0.4375339986789598
        },
        "delete-auc": {
            "mean": 0.5856400775564473,
            "std": 0.25078052167686166
        },
        "insert-auc": {
            "mean": 0.7559479156393699,
            "std": 0.2103818541107721
        },
        "complexity": {
            "mean": 13.1482141828537,
            "std": 2.8667587100560867
        },
        "sparsity": {
            "mean": 411.6982698059082,
            "std": 152.869771271623
        }
    },
    "deeplift": {
        "avg-drop": {
            "mean": 0.5819869791062832,
            "std": 0.4696903301218862
        },
        "inc-conf": {
            "mean": 0.31,
            "std": 0.462493243193887
        },
        "delete-auc": {
            "mean": 0.6043426986803075,
            "std": 0.23342439945318286
        },
        "insert-auc": {
            "mean": 0.6681355928364734,
            "std": 0.21593786147451413
        },
        "complexity": {
            "mean": 3.916488957643509,
            "std": 1.6432031833603629
        },
        "sparsity": {
            "mean": 2571.108094482422,
            "std": 2007.7066120804002
        }
    },
    "deeplift-shap": {
        "avg-drop": {
            "mean": 0.5178343670301838,
            "std": 0.45905594890896706
        },
        "inc-conf": {
            "mean": 0.302,
            "std": 0.45912525524087644
        },
        "delete-auc": {
            "mean": 0.5968038799960368,
            "std": 0.24482109388789286
        },
        "insert-auc": {
            "mean": 0.703324502252249,
            "std": 0.21856208759679838
        },
        "complexity": {
            "mean": 5.252407585859299,
            "std": 1.9554318594144355
        },
        "sparsity": {
            "mean": 1723.4796633911133,
            "std": 1188.3924068205476
        }
    },
    "gradient-shap": {
        "avg-drop": {
            "mean": 0.43149393767607397,
            "std": 0.46188011319876077
        },
        "inc-conf": {
            "mean": 0.32,
            "std": 0.46647615158762396
        },
        "delete-auc": {
            "mean": 0.5563581099310781,
            "std": 0.28151980394186105
        },
        "insert-auc": {
            "mean": 0.7468507870200453,
            "std": 0.22949945992448803
        },
        "complexity": {
            "mean": 4.918624637126922,
            "std": 1.9711352317151316
        },
        "sparsity": {
            "mean": 1714.1474249877929,
            "std": 1182.1951060001138
        }
    },
    "guided-backprop": {
        "avg-drop": {
            "mean": 0.43998293396376537,
            "std": 0.4377893186549667
        },
        "inc-conf": {
            "mean": 0.258,
            "std": 0.4375339986789598
        },
        "delete-auc": {
            "mean": 0.5856400775564473,
            "std": 0.25078052167686166
        },
        "insert-auc": {
            "mean": 0.7559479156393699,
            "std": 0.2103818541107721
        },
        "complexity": {
            "mean": 13.1482141828537,
            "std": 2.8667587100560867
        },
        "sparsity": {
            "mean": 411.6982698059082,
            "std": 152.869771271623
        }
    }
}