{
    "ours": {
        "avg-drop": {
            "mean": 0.2839117242109496,
            "std": 0.33591885386925885
        },
        "inc-conf": {
            "mean": 0.232,
            "std": 0.4221089906647335
        },
        "delete-auc": {
            "mean": 0.2440803457254167,
            "std": 0.2747658551227158
        },
        "insert-auc": {
            "mean": 0.359672753785339,
            "std": 0.24667006166459718
        },
        "complexity": {
            "mean": 112.49371908569336,
            "std": 7.15455262538277
        },
        "sparsity": {
            "mean": 5.932301977157593,
            "std": 1.0295349351492447
        }
    },
    "layer-ig": {
        "avg-drop": {
            "mean": 0.8475300298570655,
            "std": 0.3167349893528578
        },
        "inc-conf": {
            "mean": 0.058,
            "std": 0.23374344910606587
        },
        "delete-auc": {
            "mean": 0.15324245004110879,
            "std": 0.17476130157805153
        },
        "insert-auc": {
            "mean": 0.42005877009922393,
            "std": 0.15828213314901374
        },
        "complexity": {
            "mean": 10.102388744831085,
            "std": 3.5517451649632386
        },
        "sparsity": {
            "mean": 111.2944306793213,
            "std": 62.04805965508644
        }
    },
    "saliency": {
        "avg-drop": {
            "mean": 0.8298933203369379,
            "std": 0.3279444964871265
        },
        "inc-conf": {
            "mean": 0.062,
            "std": 0.24115555146004827
        },
        "delete-auc": {
            "mean": 0.19067964406856072,
            "std": 0.19986662877681885
        },
        "insert-auc": {
            "mean": 0.42430824433729986,
            "std": 0.16776021156668497
        },
        "complexity": {
            "mean": 12.012073760032655,
            "std": 4.993137887169886
        },
        "sparsity": {
            "mean": 89.9975203704834,
            "std": 77.65352145819914
        }
    },
    "deeplift": {
        "avg-drop": {
            "mean": 0.837006146369502,
            "std": 0.3237307478100016
        },
        "inc-conf": {
            "mean": 0.05,
            "std": 0.21794494717703364
        },
        "delete-auc": {
            "mean": 0.172748084367547,
            "std": 0.1920100734074477
        },
        "insert-auc": {
            "mean": 0.42464834346089414,
            "std": 0.15726564161080855
        },
        "complexity": {
            "mean": 9.388484549045563,
            "std": 3.48300726870525
        },
        "sparsity": {
            "mean": 138.3483320350647,
            "std": 116.09442344998685
        }
    },
    "deeplift-shap": {
        "avg-drop": {
            "mean": 0.8411790692033246,
            "std": 0.31796924284414807
        },
        "inc-conf": {
            "mean": 0.05,
            "std": 0.21794494717703364
        },
        "delete-auc": {
            "mean": 0.1736490148811671,
            "std": 0.1914657215360041
        },
        "insert-auc": {
            "mean": 0.4254955689871017,
            "std": 0.1582962271531124
        },
        "complexity": {
            "mean": 9.363555598258973,
            "std": 3.634208263054608
        },
        "sparsity": {
            "mean": 140.5256799659729,
            "std": 119.17622616230166
        }
    },
    "gradient-shap": {
        "avg-drop": {
            "mean": 0.8280473007189576,
            "std": 0.32324225940091306
        },
        "inc-conf": {
            "mean": 0.038,
            "std": 0.19119623427254
        },
        "delete-auc": {
            "mean": 0.1558875864112492,
            "std": 0.18014309889709726
        },
        "insert-auc": {
            "mean": 0.4240601580887555,
            "std": 0.1672250361968894
        },
        "complexity": {
            "mean": 11.825054840564729,
            "std": 4.285087071659283
        },
        "sparsity": {
            "mean": 79.48210757827759,
            "std": 51.07563374233446
        }
    },
    "guided-backprop": {
        "avg-drop": {
            "mean": 0.8298917815452441,
            "std": 0.32794626289033013
        },
        "inc-conf": {
            "mean": 0.062,
            "std": 0.24115555146004827
        },
        "delete-auc": {
            "mean": 0.1906772780314325,
            "std": 0.19986618663097447
        },
        "insert-auc": {
            "mean": 0.4243037948584124,
            "std": 0.167751744855973
        },
        "complexity": {
            "mean": 12.012056027412415,
            "std": 4.993152488725042
        },
        "sparsity": {
            "mean": 89.99761899185181,
            "std": 77.65341626079555
        }
    }
}