{
    "ours": {
        "avg-drop": {
            "mean": 0.04723812407758669,
            "std": 0.12237279160515535
        },
        "inc-conf": {
            "mean": 0.176,
            "std": 0.380820167533181
        },
        "delete-auc": {
            "mean": 0.2895641784807181,
            "std": 0.11435406616221408
        },
        "insert-auc": {
            "mean": 0.5691076398686319,
            "std": 0.10104240777358126
        },
        "complexity": {
            "mean": 43.22674375534058,
            "std": 11.489266403161542
        },
        "sparsity": {
            "mean": 7.94156703042984,
            "std": 2.8271138078359535
        }
    },
    "layer-ig": {
        "avg-drop": {
            "mean": 0.6780018186622765,
            "std": 0.3019585644941214
        },
        "inc-conf": {
            "mean": 0.004,
            "std": 0.063118935352238
        },
        "delete-auc": {
            "mean": 0.36755982253766595,
            "std": 0.06660446267029049
        },
        "insert-auc": {
            "mean": 0.37775120186079586,
            "std": 0.08466850769572601
        },
        "complexity": {
            "mean": 11.076779561519622,
            "std": 3.898504791152788
        },
        "sparsity": {
            "mean": 52.890611669540405,
            "std": 35.745325985475205
        }
    },
    "saliency": {
        "avg-drop": {
            "mean": 0.7679878617674112,
            "std": 0.2348690409156209
        },
        "inc-conf": {
            "mean": 0.006,
            "std": 0.07722693830523131
        },
        "delete-auc": {
            "mean": 0.37398557333299404,
            "std": 0.06302433333375361
        },
        "insert-auc": {
            "mean": 0.365038136710809,
            "std": 0.06970560479895761
        },
        "complexity": {
            "mean": 10.459429270744323,
            "std": 5.123203907580498
        },
        "sparsity": {
            "mean": 74.84383541107178,
            "std": 60.83442137589937
        }
    },
    "deeplift": {
        "avg-drop": {
            "mean": 0.8237385185211897,
            "std": 0.1824348999154816
        },
        "inc-conf": {
            "mean": 0.002,
            "std": 0.044676615807377355
        },
        "delete-auc": {
            "mean": 0.3761699557535362,
            "std": 0.05356781151308742
        },
        "insert-auc": {
            "mean": 0.3629356397582604,
            "std": 0.061424818508393576
        },
        "complexity": {
            "mean": 9.044766761302949,
            "std": 3.5569373752867044
        },
        "sparsity": {
            "mean": 93.0456842803955,
            "std": 70.58492926614586
        }
    },
    "deeplift-shap": {
        "avg-drop": {
            "mean": 0.8195080647468567,
            "std": 0.18377357798899802
        },
        "inc-conf": {
            "mean": 0.0,
            "std": 0.0
        },
        "delete-auc": {
            "mean": 0.3774552139899271,
            "std": 0.05248754209573312
        },
        "insert-auc": {
            "mean": 0.3629870216231329,
            "std": 0.061051914115901156
        },
        "complexity": {
            "mean": 8.937113976478576,
            "std": 3.534961156179528
        },
        "sparsity": {
            "mean": 93.960992893219,
            "std": 71.64950078176845
        }
    },
    "gradient-shap": {
        "avg-drop": {
            "mean": 0.7169582824297249,
            "std": 0.28725972399693867
        },
        "inc-conf": {
            "mean": 0.002,
            "std": 0.044676615807377355
        },
        "delete-auc": {
            "mean": 0.3784716417796183,
            "std": 0.05195989925556993
        },
        "insert-auc": {
            "mean": 0.37011100774771977,
            "std": 0.07647598751694555
        },
        "complexity": {
            "mean": 10.58437452840805,
            "std": 3.6234969032466124
        },
        "sparsity": {
            "mean": 51.28560899734497,
            "std": 31.488619291715764
        }
    },
    "guided-backprop": {
        "avg-drop": {
            "mean": 0.8182159958258272,
            "std": 0.18791433694455104
        },
        "inc-conf": {
            "mean": 0.004,
            "std": 0.063118935352238
        },
        "delete-auc": {
            "mean": 0.3779341629738009,
            "std": 0.05349838900749287
        },
        "insert-auc": {
            "mean": 0.3656127974079174,
            "std": 0.06825400928304286
        },
        "complexity": {
            "mean": 9.903822917461396,
            "std": 4.045577641448537
        },
        "sparsity": {
            "mean": 77.37937586021424,
            "std": 57.648112150985995
        }
    }
}