{
    "ours": {
        "avg-drop": {
            "mean": 0.005487373807032299,
            "std": 0.03590743203579782
        },
        "inc-conf": {
            "mean": 0.47,
            "std": 0.49909918853871116
        },
        "delete-auc": {
            "mean": 0.6067312796762874,
            "std": 0.22027326840397507
        },
        "insert-auc": {
            "mean": 0.889570288445839,
            "std": 0.14215041529690636
        },
        "complexity": {
            "mean": 9.55057574725151,
            "std": 2.142347779918331
        },
        "sparsity": {
            "mean": 4.448049201369286,
            "std": 3.0344011773307895
        }
    },
    "layer-ig": {
        "avg-drop": {
            "mean": 0.006500786811976169,
            "std": 0.07355531843870265
        },
        "inc-conf": {
            "mean": 0.963,
            "std": 0.18876175460087247
        },
        "delete-auc": {
            "mean": 0.5657957601158587,
            "std": 0.22154072234795744
        },
        "insert-auc": {
            "mean": 0.8381478629415414,
            "std": 0.1327611163757248
        },
        "complexity": {
            "mean": 330.56712668228147,
            "std": 94.79079609521695
        },
        "sparsity": {
            "mean": 2.114018796801567,
            "std": 0.864765143709506
        }
    },
    "saliency": {
        "avg-drop": {
            "mean": 0.47960644436068833,
            "std": 0.23687028486189718
        },
        "inc-conf": {
            "mean": 0.014,
            "std": 0.11749042514179613
        },
        "delete-auc": {
            "mean": 0.7376294387805856,
            "std": 0.12838558011600787
        },
        "insert-auc": {
            "mean": 0.7549955815195244,
            "std": 0.13934486694983061
        },
        "complexity": {
            "mean": 18.571732909202577,
            "std": 5.966201499723659
        },
        "sparsity": {
            "mean": 113.99351893043519,
            "std": 91.04043559387392
        }
    },
    "deeplift": {
        "avg-drop": {
            "mean": 0.013786928661519142,
            "std": 0.09895101715965537
        },
        "inc-conf": {
            "mean": 0.927,
            "std": 0.2601365026289083
        },
        "delete-auc": {
            "mean": 0.6194865778076766,
            "std": 0.21634352597383988
        },
        "insert-auc": {
            "mean": 0.7817704176630396,
            "std": 0.1303243141437529
        },
        "complexity": {
            "mean": 315.63301846694947,
            "std": 108.61135461610662
        },
        "sparsity": {
            "mean": 2.345903543829918,
            "std": 1.2380652131634906
        }
    },
    "deeplift-shap": {
        "avg-drop": {
            "mean": 0.012011554908341111,
            "std": 0.09106176545828197
        },
        "inc-conf": {
            "mean": 0.936,
            "std": 0.24475293665245368
        },
        "delete-auc": {
            "mean": 0.5643883817604315,
            "std": 0.23622520887430087
        },
        "insert-auc": {
            "mean": 0.8071452169956087,
            "std": 0.1338066149170207
        },
        "complexity": {
            "mean": 315.24714679336546,
            "std": 103.94594885879597
        },
        "sparsity": {
            "mean": 2.321474550962448,
            "std": 1.2042606563789227
        }
    },
    "gradient-shap": {
        "avg-drop": {
            "mean": 0.009862995272324412,
            "std": 0.08775140620919343
        },
        "inc-conf": {
            "mean": 0.905,
            "std": 0.293214938227915
        },
        "delete-auc": {
            "mean": 0.5517847017810612,
            "std": 0.2434803913475442
        },
        "insert-auc": {
            "mean": 0.8225134322715952,
            "std": 0.13750993532028363
        },
        "complexity": {
            "mean": 294.753957359314,
            "std": 111.16550509416612
        },
        "sparsity": {
            "mean": 2.5241147812604905,
            "std": 1.2158095814953596
        }
    },
    "guided-backprop": {
        "avg-drop": {
            "mean": 0.004943732444922006,
            "std": 0.042336627841666356
        },
        "inc-conf": {
            "mean": 0.63,
            "std": 0.4828043081829324
        },
        "delete-auc": {
            "mean": 0.7616843648870403,
            "std": 0.15318967768460562
        },
        "insert-auc": {
            "mean": 0.7699718349683984,
            "std": 0.1393870073457883
        },
        "complexity": {
            "mean": 313.22613008117673,
            "std": 41.1374620788617
        },
        "sparsity": {
            "mean": 2.04076475083828,
            "std": 0.2956193561837
        }
    }
}