{
    "ours": {
        "avg-drop": {
            "mean": 0.027223111078143118,
            "std": 0.06437969237668555
        },
        "inc-conf": {
            "mean": 0.183,
            "std": 0.38666652298847903
        },
        "delete-auc": {
            "mean": 0.2922894551246308,
            "std": 0.10067994665854808
        },
        "insert-auc": {
            "mean": 0.5415999622251968,
            "std": 0.11513912356034012
        },
        "complexity": {
            "mean": 50.00334192466736,
            "std": 15.568679737415884
        },
        "sparsity": {
            "mean": 6.592772179007531,
            "std": 4.161355534674006
        }
    },
    "layer-ig": {
        "avg-drop": {
            "mean": 0.015824143305420875,
            "std": 0.06900745328230468
        },
        "inc-conf": {
            "mean": 0.481,
            "std": 0.49963886958482323
        },
        "delete-auc": {
            "mean": 0.32278401508886134,
            "std": 0.11239380176555507
        },
        "insert-auc": {
            "mean": 0.3891590758078176,
            "std": 0.10206098315147179
        },
        "complexity": {
            "mean": 109.36537119293213,
            "std": 17.456440043455178
        },
        "sparsity": {
            "mean": 2.1106147327423095,
            "std": 0.3818337673045037
        }
    },
    "saliency": {
        "avg-drop": {
            "mean": 0.4984100818783045,
            "std": 0.16923626736489475
        },
        "inc-conf": {
            "mean": 0.006,
            "std": 0.07722693830523131
        },
        "delete-auc": {
            "mean": 0.37238905669617417,
            "std": 0.06297837714831848
        },
        "insert-auc": {
            "mean": 0.36662801878724405,
            "std": 0.07132834801989307
        },
        "complexity": {
            "mean": 10.454407851457596,
            "std": 5.043840737650699
        },
        "sparsity": {
            "mean": 73.5165062971115,
            "std": 60.233730776819286
        }
    },
    "deeplift": {
        "avg-drop": {
            "mean": 0.015105266988277435,
            "std": 0.0647032149590997
        },
        "inc-conf": {
            "mean": 0.528,
            "std": 0.49921538437832613
        },
        "delete-auc": {
            "mean": 0.34142577467717944,
            "std": 0.0935342442394066
        },
        "insert-auc": {
            "mean": 0.36500004811727343,
            "std": 0.07504470609029239
        },
        "complexity": {
            "mean": 112.43853517532348,
            "std": 15.849392381210228
        },
        "sparsity": {
            "mean": 2.038208916544914,
            "std": 0.32166587100539995
        }
    },
    "deeplift-shap": {
        "avg-drop": {
            "mean": 0.0142907827347517,
            "std": 0.06373648391983597
        },
        "inc-conf": {
            "mean": 0.54,
            "std": 0.49839743177508444
        },
        "delete-auc": {
            "mean": 0.34413190057764853,
            "std": 0.0880059165965241
        },
        "insert-auc": {
            "mean": 0.3658444033978502,
            "std": 0.07126340846914062
        },
        "complexity": {
            "mean": 112.41063145828247,
            "std": 16.04383457242325
        },
        "sparsity": {
            "mean": 2.0379198006391523,
            "std": 0.3084834547892232
        }
    },
    "gradient-shap": {
        "avg-drop": {
            "mean": 0.013794000223279,
            "std": 0.05936238339602754
        },
        "inc-conf": {
            "mean": 0.415,
            "std": 0.49272203116970525
        },
        "delete-auc": {
            "mean": 0.3357942364116481,
            "std": 0.0962049948883299
        },
        "insert-auc": {
            "mean": 0.3811496668523638,
            "std": 0.08545680123318292
        },
        "complexity": {
            "mean": 110.69768458175659,
            "std": 14.278308995524018
        },
        "sparsity": {
            "mean": 2.0629878895282747,
            "std": 0.2869518704439546
        }
    },
    "guided-backprop": {
        "avg-drop": {
            "mean": 0.045412721127271655,
            "std": 0.11047342761411674
        },
        "inc-conf": {
            "mean": 0.213,
            "std": 0.4094276492861712
        },
        "delete-auc": {
            "mean": 0.36648947234289087,
            "std": 0.07837919928738579
        },
        "insert-auc": {
            "mean": 0.35923355618280334,
            "std": 0.08354366901764065
        },
        "complexity": {
            "mean": 112.86241900634765,
            "std": 12.539701387738196
        },
        "sparsity": {
            "mean": 2.012745150566101,
            "std": 0.23089955157860428
        }
    }
}