{
    "ours": {
        "avg-drop": {
            "mean": 0.024939484760165213,
            "std": 0.06026458381128116
        },
        "delete-auc": {
            "mean": 0.37410177378149495,
            "std": 0.08645590767081847
        },
        "complexity": {
            "mean": 48.675724641799924,
            "std": 13.847200685491439
        },
        "sparsity": {
            "mean": 6.811499471664429,
            "std": 3.448969279067314
        }
    }
}