{
    "ours": {
        "avg-drop": {
            "mean": 0.26220893844470994,
            "std": 0.28919851284121045
        },
        "inc-conf": {
            "mean": 0.185,
            "std": 0.38829756630707846
        },
        "delete-auc": {
            "mean": 0.7037467652175988,
            "std": 0.20894000230756082
        },
        "insert-auc": {
            "mean": 0.7574196204381454,
            "std": 0.174767903903557
        },
        "complexity": {
            "mean": 32.55221192151308,
            "std": 5.735242755071005
        },
        "sparsity": {
            "mean": 16.317175352573393,
            "std": 5.901693937324256
        }
    },
    "layer-ig": {
        "avg-drop": {
            "mean": 0.3204700349257473,
            "std": 0.3439324121640463
        },
        "inc-conf": {
            "mean": 0.22,
            "std": 0.4142463035441596
        },
        "delete-auc": {
            "mean": 0.7393369002261434,
            "std": 0.1654755953680247
        },
        "insert-auc": {
            "mean": 0.7883887664761435,
            "std": 0.20451283623637684
        },
        "complexity": {
            "mean": 8.61311369508505,
            "std": 3.040802265944399
        },
        "sparsity": {
            "mean": 379.7036081075668,
            "std": 227.5753913998386
        }
    },
    "saliency": {
        "avg-drop": {
            "mean": 0.2795010256502428,
            "std": 0.3616969837503146
        },
        "inc-conf": {
            "mean": 0.3,
            "std": 0.45825756949558394
        },
        "delete-auc": {
            "mean": 0.7298834739832063,
            "std": 0.16618340591524527
        },
        "insert-auc": {
            "mean": 0.8079561651295228,
            "std": 0.2062026853161468
        },
        "complexity": {
            "mean": 14.781973799467087,
            "std": 3.794477015490367
        },
        "sparsity": {
            "mean": 84.0168500304222,
            "std": 36.613062388855
        }
    },
    "deeplift": {
        "avg-drop": {
            "mean": 0.30972930188057946,
            "std": 0.3582673734596185
        },
        "inc-conf": {
            "mean": 0.24,
            "std": 0.4270831300812525
        },
        "delete-auc": {
            "mean": 0.7401012181131064,
            "std": 0.16262564623460576
        },
        "insert-auc": {
            "mean": 0.7860352591143055,
            "std": 0.1990894839609173
        },
        "complexity": {
            "mean": 8.955742788910866,
            "std": 2.7240161620974797
        },
        "sparsity": {
            "mean": 295.26334687709806,
            "std": 125.31809064149779
        }
    },
    "deeplift-shap": {
        "avg-drop": {
            "mean": 0.2894142183799704,
            "std": 0.3655702257414499
        },
        "inc-conf": {
            "mean": 0.28,
            "std": 0.44899888641287294
        },
        "delete-auc": {
            "mean": 0.7373133636453665,
            "std": 0.15730255937853133
        },
        "insert-auc": {
            "mean": 0.7897645085621491,
            "std": 0.20800468619075158
        },
        "complexity": {
            "mean": 9.675962556898593,
            "std": 2.862803899218442
        },
        "sparsity": {
            "mean": 273.10199032306673,
            "std": 168.66837159063354
        }
    },
    "gradient-shap": {
        "avg-drop": {
            "mean": 0.29164050541519826,
            "std": 0.37477339206199217
        },
        "inc-conf": {
            "mean": 0.24,
            "std": 0.4270831300812524
        },
        "delete-auc": {
            "mean": 0.7365899760024138,
            "std": 0.16191948698493064
        },
        "insert-auc": {
            "mean": 0.7931234657370345,
            "std": 0.20580482970606356
        },
        "complexity": {
            "mean": 8.398250008523464,
            "std": 2.5591391763649454
        },
        "sparsity": {
            "mean": 264.74992283821103,
            "std": 186.7697067500242
        }
    },
    "guided-backprop": {
        "avg-drop": {
            "mean": 0.2795010256502428,
            "std": 0.3616969837503146
        },
        "inc-conf": {
            "mean": 0.3,
            "std": 0.45825756949558394
        },
        "delete-auc": {
            "mean": 0.7298834739832063,
            "std": 0.16618340591524527
        },
        "insert-auc": {
            "mean": 0.8079561651295228,
            "std": 0.2062026853161468
        },
        "complexity": {
            "mean": 14.781973799467087,
            "std": 3.794477015490367
        },
        "sparsity": {
            "mean": 84.0168500304222,
            "std": 36.613062388855
        }
    }
}