{
    "f1_macro": 0.9949112734956715,
    "f1_micro": 0.9974,
    "attribution": {
        "ours": {
            "iou": 0.4593553841114044
        },
        "layer-ig": {
            "iou": 0.46122318506240845
        },
        "saliency": {
            "iou": 0.4624430537223816
        },
        "deeplift": {
            "iou": 0.4611298739910126
        },
        "deeplift-shap": {
            "iou": 0.4611329734325409
        },
        "gradient-shap": {
            "iou": 0.4606971740722656
        },
        "guided-backprop": {
            "iou": 0.4624430239200592
        }
    }
}