{
    "ours": {
        "avg-drop": {
            "mean": 0.025822714339157813,
            "std": 0.13524373783482285
        },
        "inc-conf": {
            "mean": 0.106,
            "std": 0.3078376195334157
        },
        "delete-auc": {
            "mean": 0.573258717902371,
            "std": 0.18242146400885376
        },
        "insert-auc": {
            "mean": 0.5979583767191247,
            "std": 0.12238808575559783
        },
        "complexity": {
            "mean": 45.39178102874756,
            "std": 2.682585249571039
        },
        "sparsity": {
            "mean": 7.054274955749512,
            "std": 0.4960931667736539
        }
    },
    "layer-ig": {
        "avg-drop": {
            "mean": 0.6180984112353317,
            "std": 0.39904646386767934
        },
        "inc-conf": {
            "mean": 0.004,
            "std": 0.063118935352238
        },
        "delete-auc": {
            "mean": 0.48359912118365694,
            "std": 0.15178918632460026
        },
        "insert-auc": {
            "mean": 0.553856618138062,
            "std": 0.10465109455898193
        },
        "complexity": {
            "mean": 6.722337271690368,
            "std": 1.6213115145641885
        },
        "sparsity": {
            "mean": 305.473757232666,
            "std": 112.84581682140494
        }
    },
    "saliency": {
        "avg-drop": {
            "mean": 0.528391742624709,
            "std": 0.4218287599458871
        },
        "inc-conf": {
            "mean": 0.002,
            "std": 0.044676615807377355
        },
        "delete-auc": {
            "mean": 0.5177436042499253,
            "std": 0.10828303720121642
        },
        "insert-auc": {
            "mean": 0.5237928972960165,
            "std": 0.05237228998678619
        },
        "complexity": {
            "mean": 8.373904821395874,
            "std": 2.038558947265083
        },
        "sparsity": {
            "mean": 187.8429927749634,
            "std": 85.15873176587914
        }
    },
    "deeplift": {
        "avg-drop": {
            "mean": 0.6483555671043757,
            "std": 0.38538055542094346
        },
        "inc-conf": {
            "mean": 0.002,
            "std": 0.044676615807377355
        },
        "delete-auc": {
            "mean": 0.4913455928994052,
            "std": 0.13900348853635422
        },
        "insert-auc": {
            "mean": 0.5472571471845162,
            "std": 0.09269210651338024
        },
        "complexity": {
            "mean": 6.47359139919281,
            "std": 1.5729803784186718
        },
        "sparsity": {
            "mean": 335.47363021850583,
            "std": 134.068387941821
        }
    },
    "deeplift-shap": {
        "avg-drop": {
            "mean": 0.6526675361764424,
            "std": 0.38418239445190655
        },
        "inc-conf": {
            "mean": 0.002,
            "std": 0.044676615807377355
        },
        "delete-auc": {
            "mean": 0.49287071772019364,
            "std": 0.13863812453936944
        },
        "insert-auc": {
            "mean": 0.5464515287578287,
            "std": 0.09175904143337854
        },
        "complexity": {
            "mean": 6.534091256141663,
            "std": 1.5850657107633908
        },
        "sparsity": {
            "mean": 324.60581201171874,
            "std": 129.06836799451787
        }
    },
    "gradient-shap": {
        "avg-drop": {
            "mean": 0.43935652219525057,
            "std": 0.4242111678350578
        },
        "inc-conf": {
            "mean": 0.004,
            "std": 0.063118935352238
        },
        "delete-auc": {
            "mean": 0.48473375107825134,
            "std": 0.15563544428144122
        },
        "insert-auc": {
            "mean": 0.5457952423015509,
            "std": 0.08628190758570575
        },
        "complexity": {
            "mean": 7.777019710063934,
            "std": 2.052827243973495
        },
        "sparsity": {
            "mean": 140.82389673614503,
            "std": 60.965800476458796
        }
    },
    "guided-backprop": {
        "avg-drop": {
            "mean": 0.5283786358458319,
            "std": 0.4218225301741638
        },
        "inc-conf": {
            "mean": 0.002,
            "std": 0.044676615807377355
        },
        "delete-auc": {
            "mean": 0.5177425070626821,
            "std": 0.10828890476133582
        },
        "insert-auc": {
            "mean": 0.5238063650774375,
            "std": 0.05237009523818049
        },
        "complexity": {
            "mean": 8.373897583007812,
            "std": 2.038564960395117
        },
        "sparsity": {
            "mean": 187.84317906188966,
            "std": 85.1585729879235
        }
    }
}