{
    "ours": {
        "avg-drop": {
            "mean": 0.028308626999557406,
            "std": 0.13763060004409308
        },
        "inc-conf": {
            "mean": 0.116,
            "std": 0.32022492095400695
        },
        "delete-auc": {
            "mean": 0.5677551019257733,
            "std": 0.18524869514485298
        },
        "insert-auc": {
            "mean": 0.59190407482259,
            "std": 0.12582888318657112
        },
        "complexity": {
            "mean": 45.41486489105225,
            "std": 2.6551925295460284
        },
        "sparsity": {
            "mean": 7.051478358745575,
            "std": 0.49485463623308773
        }
    },
    "layer-ig": {
        "avg-drop": {
            "mean": 0.01640042313485769,
            "std": 0.11971880551290208
        },
        "inc-conf": {
            "mean": 0.533,
            "std": 0.4989098114890104
        },
        "delete-auc": {
            "mean": 0.5055143994742853,
            "std": 0.19874344149642237
        },
        "insert-auc": {
            "mean": 0.5276234293059968,
            "std": 0.19660245236109056
        },
        "complexity": {
            "mean": 141.0705576400757,
            "std": 16.077490422847724
        },
        "sparsity": {
            "mean": 2.032904707789421,
            "std": 0.24239967990206304
        }
    },
    "saliency": {
        "avg-drop": {
            "mean": 0.5460344235909242,
            "std": 0.4161570128190722
        },
        "inc-conf": {
            "mean": 0.001,
            "std": 0.031606961258558226
        },
        "delete-auc": {
            "mean": 0.5139744335841965,
            "std": 0.11113160337282735
        },
        "insert-auc": {
            "mean": 0.5199629362803311,
            "std": 0.05516715555105254
        },
        "complexity": {
            "mean": 8.34433260512352,
            "std": 2.041311261870875
        },
        "sparsity": {
            "mean": 188.99607774353026,
            "std": 83.51247858353395
        }
    },
    "deeplift": {
        "avg-drop": {
            "mean": 0.015081981492301494,
            "std": 0.11199181653290456
        },
        "inc-conf": {
            "mean": 0.512,
            "std": 0.49985597925802594
        },
        "delete-auc": {
            "mean": 0.518977551799007,
            "std": 0.18277349204910492
        },
        "insert-auc": {
            "mean": 0.52483237778837,
            "std": 0.17681709283693833
        },
        "complexity": {
            "mean": 141.15121423339843,
            "std": 15.14978783590633
        },
        "sparsity": {
            "mean": 2.028216327905655,
            "std": 0.22428525153113538
        }
    },
    "deeplift-shap": {
        "avg-drop": {
            "mean": 0.015241055088231079,
            "std": 0.11283304050448865
        },
        "inc-conf": {
            "mean": 0.516,
            "std": 0.499743934430424
        },
        "delete-auc": {
            "mean": 0.5211680640536192,
            "std": 0.18604377283605608
        },
        "insert-auc": {
            "mean": 0.5238341880783168,
            "std": 0.16999087878888083
        },
        "complexity": {
            "mean": 141.1706459197998,
            "std": 15.118241024065192
        },
        "sparsity": {
            "mean": 2.027752358555794,
            "std": 0.2230179647503531
        }
    },
    "gradient-shap": {
        "avg-drop": {
            "mean": 0.016398615851105518,
            "std": 0.12073961099828401
        },
        "inc-conf": {
            "mean": 0.431,
            "std": 0.49521611443893865
        },
        "delete-auc": {
            "mean": 0.46699761907892984,
            "std": 0.19186597537170824
        },
        "insert-auc": {
            "mean": 0.5646322595527306,
            "std": 0.18159987310436182
        },
        "complexity": {
            "mean": 137.75518323516846,
            "std": 17.565463323541604
        },
        "sparsity": {
            "mean": 2.0909356157779695,
            "std": 0.2953855474386213
        }
    },
    "guided-backprop": {
        "avg-drop": {
            "mean": 0.01432573427800918,
            "std": 0.10575637744784114
        },
        "inc-conf": {
            "mean": 0.244,
            "std": 0.42949272403615874
        },
        "delete-auc": {
            "mean": 0.5243625366612539,
            "std": 0.14555923481442554
        },
        "insert-auc": {
            "mean": 0.5207151388807868,
            "std": 0.13816437817035968
        },
        "complexity": {
            "mean": 141.61312467193605,
            "std": 12.634583151799323
        },
        "sparsity": {
            "mean": 2.0147094094753264,
            "std": 0.18501443650214666
        }
    }
}