{
    "f1_macro": 0.9950330771263566,
    "f1_micro": 0.9976,
    "attribution": {
        "ours": {
            "iou": 0.45935535430908203
        },
        "layer-ig": {
            "iou": 0.2811623215675354
        },
        "saliency": {
            "iou": 0.46243661642074585
        },
        "deeplift": {
            "iou": 0.2793356776237488
        },
        "deeplift-shap": {
            "iou": 0.27972903847694397
        },
        "gradient-shap": {
            "iou": 0.3149704039096832
        },
        "guided-backprop": {
            "iou": 0.2792407274246216
        }
    }
}