{
    "ours": {
        "avg-drop": {
            "mean": 0.9182613016366958,
            "std": 0.8297790024949495
        },
        "delete-auc": {
            "mean": 3.1835363266683285,
            "std": 1.5130323857550065
        },
        "complexity": {
            "mean": 41.675527070164684,
            "std": 9.638546418652638
        },
        "sparsity": {
            "mean": 11.066175631165505,
            "std": 3.795116817135641
        }
    },
    "layer-ig": {
        "avg-drop": {
            "mean": 1.2025423895120622,
            "std": 2.1903302538150835
        },
        "delete-auc": {
            "mean": 3.188648961981137,
            "std": 1.734302625765546
        },
        "complexity": {
            "mean": 48.721534331679344,
            "std": 23.54753099314781
        },
        "sparsity": {
            "mean": 3.442485380887985,
            "std": 1.715413982628856
        }
    },
    "saliency": {
        "avg-drop": {
            "mean": 4.272540917277336,
            "std": 1.8323355901876557
        },
        "delete-auc": {
            "mean": 3.891695205108987,
            "std": 1.646541896836178
        },
        "complexity": {
            "mean": 14.408377438545227,
            "std": 3.835259375948474
        },
        "sparsity": {
            "mean": 76.9828874835968,
            "std": 35.91713249491294
        }
    },
    "deeplift": {
        "avg-drop": {
            "mean": 0.0644572929739952,
            "std": 0.21207230926998402
        },
        "delete-auc": {
            "mean": 2.1076328399678075,
            "std": 1.0469501465917812
        },
        "complexity": {
            "mean": 174.88000720977783,
            "std": 22.609046899584303
        },
        "sparsity": {
            "mean": 2.087423936903477,
            "std": 0.3161626931343068
        }
    },
    "deeplift-shap": {
        "avg-drop": {
            "mean": 0.058693684339523315,
            "std": 0.20301626365846515
        },
        "delete-auc": {
            "mean": 2.106012997398774,
            "std": 0.9349277858420658
        },
        "complexity": {
            "mean": 173.9363392868042,
            "std": 20.18309478983557
        },
        "sparsity": {
            "mean": 2.080319121837616,
            "std": 0.2834469306385784
        }
    },
    "gradient-shap": {
        "avg-drop": {
            "mean": 0.11828819799423218,
            "std": 0.46396761543730886
        },
        "delete-auc": {
            "mean": 2.043451914197869,
            "std": 0.9303163803419865
        },
        "complexity": {
            "mean": 174.89456421661376,
            "std": 26.287950277638547
        },
        "sparsity": {
            "mean": 2.1539016092419625,
            "std": 0.5011295595258106
        }
    },
    "guided-backprop": {
        "avg-drop": {
            "mean": 0.2703892428278923,
            "std": 0.3197710936933183
        },
        "delete-auc": {
            "mean": 2.0962356855803064,
            "std": 0.864264096831739
        },
        "complexity": {
            "mean": 173.94467012405394,
            "std": 14.777986494594435
        },
        "sparsity": {
            "mean": 2.047233469724655,
            "std": 0.17485864696967837
        }
    }
}