{
    "ours": {
        "avg-drop": {
            "mean": 0.05459690144205229,
            "std": 0.11642231733593701
        },
        "inc-conf": {
            "mean": 0.102,
            "std": 0.3026483107502832
        },
        "delete-auc": {
            "mean": 0.3691150008523172,
            "std": 0.12565534392058564
        },
        "insert-auc": {
            "mean": 0.8674027236691961,
            "std": 0.12124821205510057
        },
        "complexity": {
            "mean": 29.002643641114236,
            "std": 11.058331213590796
        },
        "sparsity": {
            "mean": 18.686924250483514,
            "std": 18.55041787097667
        }
    },
    "layer-ig": {
        "avg-drop": {
            "mean": 0.028462037717525136,
            "std": 0.11935551207182098
        },
        "inc-conf": {
            "mean": 0.663,
            "std": 0.47268488446321194
        },
        "delete-auc": {
            "mean": 0.6309598975109161,
            "std": 0.1897452140466985
        },
        "insert-auc": {
            "mean": 0.6489596219367798,
            "std": 0.14554275371845773
        },
        "complexity": {
            "mean": 172.9720998840332,
            "std": 29.18655503126459
        },
        "sparsity": {
            "mean": 2.195727429986,
            "std": 0.5143375602175346
        }
    },
    "saliency": {
        "avg-drop": {
            "mean": 0.635926752846688,
            "std": 0.16346932895690167
        },
        "inc-conf": {
            "mean": 0.002,
            "std": 0.044676615807377355
        },
        "delete-auc": {
            "mean": 0.6382593967508147,
            "std": 0.09056191695972272
        },
        "insert-auc": {
            "mean": 0.6476635349663413,
            "std": 0.12510180130842458
        },
        "complexity": {
            "mean": 14.404486163377761,
            "std": 3.814831364088366
        },
        "sparsity": {
            "mean": 77.05153239822388,
            "std": 36.23574551894727
        }
    },
    "deeplift": {
        "avg-drop": {
            "mean": 0.01873648041259081,
            "std": 0.09410628119895566
        },
        "inc-conf": {
            "mean": 0.666,
            "std": 0.47163969298607594
        },
        "delete-auc": {
            "mean": 0.6321261892145887,
            "std": 0.16378356434921212
        },
        "insert-auc": {
            "mean": 0.6401270499544081,
            "std": 0.1542743693709669
        },
        "complexity": {
            "mean": 174.8428911819458,
            "std": 22.74956213673863
        },
        "sparsity": {
            "mean": 2.0887116078138352,
            "std": 0.3182314904503383
        }
    },
    "deeplift-shap": {
        "avg-drop": {
            "mean": 0.01753461161049478,
            "std": 0.09106219159115685
        },
        "inc-conf": {
            "mean": 0.681,
            "std": 0.4660890472860309
        },
        "delete-auc": {
            "mean": 0.6466873109147125,
            "std": 0.15109771473126704
        },
        "insert-auc": {
            "mean": 0.6420461124395708,
            "std": 0.14863101492224765
        },
        "complexity": {
            "mean": 173.9588940963745,
            "std": 20.292464880433876
        },
        "sparsity": {
            "mean": 2.0804886267781257,
            "std": 0.284406415037478
        }
    },
    "gradient-shap": {
        "avg-drop": {
            "mean": 0.024227585718523598,
            "std": 0.10576977376145234
        },
        "inc-conf": {
            "mean": 0.642,
            "std": 0.47941214002150595
        },
        "delete-auc": {
            "mean": 0.6323522137157661,
            "std": 0.16552615326559847
        },
        "insert-auc": {
            "mean": 0.6508791368007631,
            "std": 0.16799087421342304
        },
        "complexity": {
            "mean": 174.44090342235566,
            "std": 26.41316907728411
        },
        "sparsity": {
            "mean": 2.15926839864254,
            "std": 0.5016616442497313
        }
    },
    "guided-backprop": {
        "avg-drop": {
            "mean": 0.02471591770714258,
            "std": 0.08508566937250508
        },
        "inc-conf": {
            "mean": 0.339,
            "std": 0.4733698342733723
        },
        "delete-auc": {
            "mean": 0.6590213243620096,
            "std": 0.15809799589086088
        },
        "insert-auc": {
            "mean": 0.6582372962951966,
            "std": 0.1535460389320939
        },
        "complexity": {
            "mean": 173.98535969161986,
            "std": 14.68622648632681
        },
        "sparsity": {
            "mean": 2.046534550666809,
            "std": 0.17324482667035287
        }
    }
}