{
    "ours": {
        "avg-drop": {
            "mean": 0.04507084325717369,
            "std": 0.09996063798970832
        },
        "inc-conf": {
            "mean": 0.124,
            "std": 0.3295815528818322
        },
        "delete-auc": {
            "mean": 0.39966394830484786,
            "std": 0.12434680677245424
        },
        "insert-auc": {
            "mean": 0.8475227227653052,
            "std": 0.10627275474345335
        },
        "complexity": {
            "mean": 41.46752857685089,
            "std": 9.837128461055958
        },
        "sparsity": {
            "mean": 11.061188849687577,
            "std": 3.9341147812989745
        }
    },
    "layer-ig": {
        "avg-drop": {
            "mean": 0.6525858035981655,
            "std": 0.1570173275002997
        },
        "inc-conf": {
            "mean": 0.004,
            "std": 0.063118935352238
        },
        "delete-auc": {
            "mean": 0.6416913137152367,
            "std": 0.07952029031952243
        },
        "insert-auc": {
            "mean": 0.6366323639023412,
            "std": 0.0850317149577356
        },
        "complexity": {
            "mean": 9.264320100188256,
            "std": 2.9764668506049747
        },
        "sparsity": {
            "mean": 235.77592331123353,
            "std": 144.06956504082456
        }
    },
    "saliency": {
        "avg-drop": {
            "mean": 0.6389103999584913,
            "std": 0.1639544541644123
        },
        "inc-conf": {
            "mean": 0.004,
            "std": 0.063118935352238
        },
        "delete-auc": {
            "mean": 0.6427528575572549,
            "std": 0.08793836503513197
        },
        "insert-auc": {
            "mean": 0.6491454302188261,
            "std": 0.12027252954290632
        },
        "complexity": {
            "mean": 14.308809337615967,
            "std": 3.7033583597918835
        },
        "sparsity": {
            "mean": 75.52048301410674,
            "std": 34.55294562484906
        }
    },
    "deeplift": {
        "avg-drop": {
            "mean": 0.6498462987244129,
            "std": 0.14943309866908797
        },
        "inc-conf": {
            "mean": 0.002,
            "std": 0.044676615807377355
        },
        "delete-auc": {
            "mean": 0.6412201729807546,
            "std": 0.08123718661303952
        },
        "insert-auc": {
            "mean": 0.6329314156671529,
            "std": 0.08141560619817811
        },
        "complexity": {
            "mean": 9.526215243697166,
            "std": 3.016113556141979
        },
        "sparsity": {
            "mean": 225.7970934085846,
            "std": 149.71846626729427
        }
    },
    "deeplift-shap": {
        "avg-drop": {
            "mean": 0.6452344957888126,
            "std": 0.14236752817782877
        },
        "inc-conf": {
            "mean": 0.0,
            "std": 0.0
        },
        "delete-auc": {
            "mean": 0.6416040751288422,
            "std": 0.08087822896026911
        },
        "insert-auc": {
            "mean": 0.637791498368498,
            "std": 0.08261956922261343
        },
        "complexity": {
            "mean": 9.841106162548066,
            "std": 2.9028279609093857
        },
        "sparsity": {
            "mean": 187.4565889930725,
            "std": 100.59280518981681
        }
    },
    "gradient-shap": {
        "avg-drop": {
            "mean": 0.6400102696567774,
            "std": 0.15835220603937075
        },
        "inc-conf": {
            "mean": 0.01,
            "std": 0.09949874371066199
        },
        "delete-auc": {
            "mean": 0.6411768917487819,
            "std": 0.07956622580935796
        },
        "insert-auc": {
            "mean": 0.6415161469074472,
            "std": 0.09037875928488281
        },
        "complexity": {
            "mean": 8.623802995681762,
            "std": 2.305945541978639
        },
        "sparsity": {
            "mean": 191.58482378959656,
            "std": 117.3332900293344
        }
    },
    "guided-backprop": {
        "avg-drop": {
            "mean": 0.6389103999584913,
            "std": 0.1639544541644123
        },
        "inc-conf": {
            "mean": 0.004,
            "std": 0.063118935352238
        },
        "delete-auc": {
            "mean": 0.6427528575572549,
            "std": 0.08793836503513197
        },
        "insert-auc": {
            "mean": 0.6491454302188261,
            "std": 0.12027252954290632
        },
        "complexity": {
            "mean": 14.308809337615967,
            "std": 3.7033583597918835
        },
        "sparsity": {
            "mean": 75.52048301410674,
            "std": 34.55294562484906
        }
    }
}