{
    "ours": {
        "avg-drop": {
            "mean": 0.06412256141909153,
            "std": 0.22445151188668078
        },
        "inc-conf": {
            "mean": 0.404,
            "std": 0.49069746280167376
        },
        "delete-auc": {
            "mean": 0.649894312688037,
            "std": 0.2229380642131336
        },
        "insert-auc": {
            "mean": 0.7326890632817256,
            "std": 0.2563029614789087
        },
        "complexity": {
            "mean": 67.85302150726318,
            "std": 6.996321934705476
        },
        "sparsity": {
            "mean": 7.277182493209839,
            "std": 1.9810644293416286
        }
    },
    "layer-ig": {
        "avg-drop": {
            "mean": 0.4905869142949532,
            "std": 0.4625110610255023
        },
        "inc-conf": {
            "mean": 0.096,
            "std": 0.2945912422323515
        },
        "delete-auc": {
            "mean": 0.5269989702425012,
            "std": 0.26039094370215304
        },
        "insert-auc": {
            "mean": 0.6133061763933142,
            "std": 0.2191065251784189
        },
        "complexity": {
            "mean": 12.499009211063385,
            "std": 3.2269288229540987
        },
        "sparsity": {
            "mean": 42.4173801689148,
            "std": 17.258848193323953
        }
    },
    "saliency": {
        "avg-drop": {
            "mean": 0.6735897194729,
            "std": 0.4570682808373051
        },
        "inc-conf": {
            "mean": 0.172,
            "std": 0.3773804446443933
        },
        "delete-auc": {
            "mean": 0.6084277977653566,
            "std": 0.21630147051097973
        },
        "insert-auc": {
            "mean": 0.5941953098314008,
            "std": 0.21904616331647503
        },
        "complexity": {
            "mean": 13.904606058597565,
            "std": 5.243845262956684
        },
        "sparsity": {
            "mean": 37.69812043571472,
            "std": 22.41266857952367
        }
    },
    "deeplift": {
        "avg-drop": {
            "mean": 0.5364829134608281,
            "std": 0.46631367983719846
        },
        "inc-conf": {
            "mean": 0.086,
            "std": 0.2803640490505157
        },
        "delete-auc": {
            "mean": 0.5325690188308145,
            "std": 0.2642922588423152
        },
        "insert-auc": {
            "mean": 0.6081495700696055,
            "std": 0.21785175678359806
        },
        "complexity": {
            "mean": 11.986258113861084,
            "std": 3.15787259281693
        },
        "sparsity": {
            "mean": 44.86334742355346,
            "std": 18.229740592914144
        }
    },
    "deeplift-shap": {
        "avg-drop": {
            "mean": 0.5495968893619829,
            "std": 0.46925299548824106
        },
        "inc-conf": {
            "mean": 0.08,
            "std": 0.2712931993250107
        },
        "delete-auc": {
            "mean": 0.5461618646126578,
            "std": 0.2595680481634671
        },
        "insert-auc": {
            "mean": 0.6077363865588402,
            "std": 0.2173160308859288
        },
        "complexity": {
            "mean": 11.529732622623444,
            "std": 3.1259573480002474
        },
        "sparsity": {
            "mean": 46.74252168655396,
            "std": 19.011861449253622
        }
    },
    "gradient-shap": {
        "avg-drop": {
            "mean": 0.5149703880044743,
            "std": 0.4754748234599201
        },
        "inc-conf": {
            "mean": 0.14,
            "std": 0.34698703145794946
        },
        "delete-auc": {
            "mean": 0.533189135856648,
            "std": 0.25203075708112693
        },
        "insert-auc": {
            "mean": 0.5944574440530598,
            "std": 0.2181729933949344
        },
        "complexity": {
            "mean": 14.409637229919433,
            "std": 3.9678552623945005
        },
        "sparsity": {
            "mean": 31.27975078201294,
            "std": 11.932814020809976
        }
    },
    "guided-backprop": {
        "avg-drop": {
            "mean": 0.6735857831642311,
            "std": 0.45706188611819526
        },
        "inc-conf": {
            "mean": 0.172,
            "std": 0.3773804446443933
        },
        "delete-auc": {
            "mean": 0.6084309034434164,
            "std": 0.21629754540550927
        },
        "insert-auc": {
            "mean": 0.5942023439434966,
            "std": 0.21904585465707244
        },
        "complexity": {
            "mean": 13.904681540966035,
            "std": 5.243898947588245
        },
        "sparsity": {
            "mean": 37.69775158309937,
            "std": 22.411445397507208
        }
    }
}