{
    "ours": {
        "avg-drop": {
            "mean": 0.2527874448746443,
            "std": 0.2782241657403335
        },
        "inc-conf": {
            "mean": 0.316,
            "std": 0.4649128950674523
        },
        "delete-auc": {
            "mean": 0.21266258768241966,
            "std": 0.27849095964762083
        },
        "insert-auc": {
            "mean": 0.20962401302825787,
            "std": 0.272827501984591
        },
        "complexity": {
            "mean": 205.4626825027466,
            "std": 29.879439819993284
        },
        "sparsity": {
            "mean": 2.046968395471573,
            "std": 0.36752777755909344
        }
    },
    "layer-ig": {
        "avg-drop": {
            "mean": 0.3433459548205137,
            "std": 0.32859437960711
        },
        "inc-conf": {
            "mean": 0.252,
            "std": 0.434161260363013
        },
        "delete-auc": {
            "mean": 0.14290638995620708,
            "std": 0.19072572901500914
        },
        "insert-auc": {
            "mean": 0.14317917586975865,
            "std": 0.1918521045869392
        },
        "complexity": {
            "mean": 199.48703499603272,
            "std": 17.71488197675415
        },
        "sparsity": {
            "mean": 2.0236660157442095,
            "std": 0.2093849000026727
        }
    },
    "saliency": {
        "avg-drop": {
            "mean": 0.6247243144363165,
            "std": 0.2895666711050688
        },
        "inc-conf": {
            "mean": 0.059,
            "std": 0.23562470159132295
        },
        "delete-auc": {
            "mean": 0.19391043009869413,
            "std": 0.1988422907398109
        },
        "insert-auc": {
            "mean": 0.4271465503918944,
            "std": 0.16551541097232034
        },
        "complexity": {
            "mean": 12.050091402292251,
            "std": 4.882847995873621
        },
        "sparsity": {
            "mean": 88.4031838912964,
            "std": 75.07979129343894
        }
    },
    "deeplift": {
        "avg-drop": {
            "mean": 0.41620879447460174,
            "std": 0.33665053436006953
        },
        "inc-conf": {
            "mean": 0.21,
            "std": 0.40730823708832603
        },
        "delete-auc": {
            "mean": 0.16357851432893672,
            "std": 0.2001441868268315
        },
        "insert-auc": {
            "mean": 0.15832993555490033,
            "std": 0.19489079803896253
        },
        "complexity": {
            "mean": 199.93558938598633,
            "std": 12.860458805706983
        },
        "sparsity": {
            "mean": 2.0096146074533463,
            "std": 0.1307339250248591
        }
    },
    "deeplift-shap": {
        "avg-drop": {
            "mean": 0.42061517065763476,
            "std": 0.33694487545130725
        },
        "inc-conf": {
            "mean": 0.217,
            "std": 0.41220262007900926
        },
        "delete-auc": {
            "mean": 0.1634478732880192,
            "std": 0.2023877817659831
        },
        "insert-auc": {
            "mean": 0.1592426157494135,
            "std": 0.1972527880656405
        },
        "complexity": {
            "mean": 200.08967527008056,
            "std": 12.712731344975408
        },
        "sparsity": {
            "mean": 2.0080439678430557,
            "std": 0.13245991155735395
        }
    },
    "gradient-shap": {
        "avg-drop": {
            "mean": 0.3849165193289518,
            "std": 0.32754970096321845
        },
        "inc-conf": {
            "mean": 0.23,
            "std": 0.4208325082500163
        },
        "delete-auc": {
            "mean": 0.1488182825353283,
            "std": 0.19706123204125722
        },
        "insert-auc": {
            "mean": 0.13846933344866763,
            "std": 0.19564020382845262
        },
        "complexity": {
            "mean": 198.4331740875244,
            "std": 13.442018480712823
        },
        "sparsity": {
            "mean": 2.0265579730272294,
            "std": 0.14343477770775379
        }
    },
    "guided-backprop": {
        "avg-drop": {
            "mean": 0.37046208722889423,
            "std": 0.32445733393462634
        },
        "inc-conf": {
            "mean": 0.196,
            "std": 0.3969685126052191
        },
        "delete-auc": {
            "mean": 0.17649851069113232,
            "std": 0.20240362882983082
        },
        "insert-auc": {
            "mean": 0.17216339762096555,
            "std": 0.19966188760267112
        },
        "complexity": {
            "mean": 200.24172212219239,
            "std": 10.98147164822722
        },
        "sparsity": {
            "mean": 2.00485692512989,
            "std": 0.11220660506188054
        }
    }
}