{
    "ours": {
        "avg-drop": {
            "mean": 0.2083005843272258,
            "std": 0.29631144965785267
        },
        "inc-conf": {
            "mean": 0.25,
            "std": 0.4330127018922193
        },
        "delete-auc": {
            "mean": 0.6557649884496791,
            "std": 0.18512508304510442
        },
        "insert-auc": {
            "mean": 0.7838772319164847,
            "std": 0.16902538090813538
        },
        "complexity": {
            "mean": 67.5990807762742,
            "std": 19.81788417077146
        },
        "sparsity": {
            "mean": 15.241236371994018,
            "std": 7.938401405313878
        }
    },
    "layer-ig": {
        "avg-drop": {
            "mean": 0.3247588688846736,
            "std": 0.3376092185283435
        },
        "inc-conf": {
            "mean": 0.19,
            "std": 0.39230090491866065
        },
        "delete-auc": {
            "mean": 0.7402739458706901,
            "std": 0.16326267107126285
        },
        "insert-auc": {
            "mean": 0.7927713764532737,
            "std": 0.2023751457546453
        },
        "complexity": {
            "mean": 8.68055427134037,
            "std": 3.0774773609167396
        },
        "sparsity": {
            "mean": 379.5476689624786,
            "std": 230.8570768045872
        }
    },
    "saliency": {
        "avg-drop": {
            "mean": 0.28034200702881207,
            "std": 0.3632297698171958
        },
        "inc-conf": {
            "mean": 0.3,
            "std": 0.45825756949558394
        },
        "delete-auc": {
            "mean": 0.7338377217211272,
            "std": 0.16449123350745445
        },
        "insert-auc": {
            "mean": 0.8042995917818405,
            "std": 0.2076174242868069
        },
        "complexity": {
            "mean": 14.800650602579116,
            "std": 3.788263440593598
        },
        "sparsity": {
            "mean": 84.03603672027587,
            "std": 36.23564011098143
        }
    },
    "deeplift": {
        "avg-drop": {
            "mean": 0.3196444713009987,
            "std": 0.3588185351969199
        },
        "inc-conf": {
            "mean": 0.24,
            "std": 0.4270831300812525
        },
        "delete-auc": {
            "mean": 0.7428653125462913,
            "std": 0.160778091172019
        },
        "insert-auc": {
            "mean": 0.7821012743124173,
            "std": 0.20310779738078008
        },
        "complexity": {
            "mean": 8.862140750288964,
            "std": 2.6614928465946917
        },
        "sparsity": {
            "mean": 295.7396270895004,
            "std": 125.42701123351912
        }
    },
    "deeplift-shap": {
        "avg-drop": {
            "mean": 0.2930663865491806,
            "std": 0.36795834396338445
        },
        "inc-conf": {
            "mean": 0.29,
            "std": 0.4537620521815371
        },
        "delete-auc": {
            "mean": 0.7440548118707074,
            "std": 0.15601230412989273
        },
        "insert-auc": {
            "mean": 0.7883758905912078,
            "std": 0.20957108165845773
        },
        "complexity": {
            "mean": 9.623707384765147,
            "std": 2.8530701433479764
        },
        "sparsity": {
            "mean": 272.4265087509155,
            "std": 168.16318805663423
        }
    },
    "gradient-shap": {
        "avg-drop": {
            "mean": 0.2839137252108776,
            "std": 0.36568045777162345
        },
        "inc-conf": {
            "mean": 0.25,
            "std": 0.4330127018922193
        },
        "delete-auc": {
            "mean": 0.7364448771730221,
            "std": 0.16873072492344474
        },
        "insert-auc": {
            "mean": 0.782590614141096,
            "std": 0.20526081782133687
        },
        "complexity": {
            "mean": 8.563044290840626,
            "std": 2.6104052026703912
        },
        "sparsity": {
            "mean": 257.8960913658142,
            "std": 155.8762971742817
        }
    },
    "guided-backprop": {
        "avg-drop": {
            "mean": 0.28034200702881207,
            "std": 0.3632297698171958
        },
        "inc-conf": {
            "mean": 0.3,
            "std": 0.45825756949558394
        },
        "delete-auc": {
            "mean": 0.7338377217211272,
            "std": 0.16449123350745445
        },
        "insert-auc": {
            "mean": 0.8042995917818405,
            "std": 0.2076174242868069
        },
        "complexity": {
            "mean": 14.800650602579116,
            "std": 3.788263440593598
        },
        "sparsity": {
            "mean": 84.03603672027587,
            "std": 36.23564011098143
        }
    }
}