{
    "ours": {
        "avg-drop": {
            "mean": 0.976082343608141,
            "std": 0.9875774168009946
        },
        "delete-auc": {
            "mean": 1.134865076943404,
            "std": 0.9149231948256499
        },
        "complexity": {
            "mean": 67.5990807762742,
            "std": 19.81788417077146
        },
        "sparsity": {
            "mean": 15.24,
            "std": 7.94
        }
    },
    "layer-ig": {
        "avg-drop": {
            "mean": 0.4452711282670498,
            "std": 0.9824641162336512
        },
        "delete-auc": {
            "mean": 0.7813717125169933,
            "std": 0.5823736289247047
        },
        "complexity": {
            "mean": 80.75554536610842,
            "std": 22.797522548718682
        },
        "sparsity": {
            "mean": 2.275275841653347,
            "std": 0.8092456406168226
        }
    },
    "saliency": {
        "avg-drop": {
            "mean": 1.262989023476839,
            "std": 1.3392928524766852
        },
        "delete-auc": {
            "mean": 1.2495250852302544,
            "std": 0.980244683870455
        },
        "complexity": {
            "mean": 14.800650038719176,
            "std": 3.788263137622706
        },
        "sparsity": {
            "mean": 84.03604973316193,
            "std": 36.23566364929978
        }
    },
    "deeplift": {
        "avg-drop": {
            "mean": 0.48537069439888003,
            "std": 0.9805065867015127
        },
        "delete-auc": {
            "mean": 0.8103278952060888,
            "std": 0.563089770670383
        },
        "complexity": {
            "mean": 172.86386568546294,
            "std": 28.589179510607245
        },
        "sparsity": {
            "mean": 2.218453589677811,
            "std": 0.6809542709696335
        }
    },
    "deeplift-shap": {
        "avg-drop": {
            "mean": 0.48161959283053873,
            "std": 0.9475472053722318
        },
        "delete-auc": {
            "mean": 0.8226830968229721,
            "std": 0.5974030176550502
        },
        "complexity": {
            "mean": 168.37466987609864,
            "std": 27.257042218835846
        },
        "sparsity": {
            "mean": 2.2716105264425277,
            "std": 0.6156781375521235
        }
    },
    "gradient-shap": {
        "avg-drop": {
            "mean": 0.48529525101184845,
            "std": 0.9388135559710131
        },
        "delete-auc": {
            "mean": 0.7755054563966891,
            "std": 0.5532105264670503
        },
        "complexity": {
            "mean": 176.5426243209839,
            "std": 29.93347428347452
        },
        "sparsity": {
            "mean": 2.153258379101753,
            "std": 0.5692696755231901
        }
    },
    "guided-backprop": {
        "avg-drop": {
            "mean": 0.9232434725016355,
            "std": 0.9997534263186256
        },
        "delete-auc": {
            "mean": 0.7976047036517412,
            "std": 0.532024261490896
        },
        "complexity": {
            "mean": 175.90087739944457,
            "std": 14.92520046540998
        },
        "sparsity": {
            "mean": 2.025202397108078,
            "std": 0.1817645704585675
        }
    }
}