{
    "ours": {
        "avg-drop": {
            "mean": 0.22518518192795456,
            "std": 0.29705799720337367
        },
        "inc-conf": {
            "mean": 0.225,
            "std": 0.41758232721225164
        },
        "delete-auc": {
            "mean": 0.6604954704168321,
            "std": 0.19095462273830172
        },
        "insert-auc": {
            "mean": 0.7676682773798315,
            "std": 0.16546031709816172
        },
        "complexity": {
            "mean": 67.56838108450174,
            "std": 13.3007198702352
        },
        "sparsity": {
            "mean": 14.57514418721199,
            "std": 7.457377576690117
        }
    },
    "layer-ig": {
        "avg-drop": {
            "mean": 0.2003204482833098,
            "std": 0.3736260068317266
        },
        "inc-conf": {
            "mean": 0.725,
            "std": 0.44651427748729383
        },
        "delete-auc": {
            "mean": 0.6885616120262111,
            "std": 0.21478922304061848
        },
        "insert-auc": {
            "mean": 0.7581145844953484,
            "std": 0.21022412823647013
        },
        "complexity": {
            "mean": 181.44461573600768,
            "std": 32.758478276088184
        },
        "sparsity": {
            "mean": 2.11257109105587,
            "std": 0.5339886159129404
        }
    },
    "saliency": {
        "avg-drop": {
            "mean": 0.2782165772325243,
            "std": 0.361788798590569
        },
        "inc-conf": {
            "mean": 0.295,
            "std": 0.45604276115294284
        },
        "delete-auc": {
            "mean": 0.7274357178929585,
            "std": 0.16905410676281188
        },
        "insert-auc": {
            "mean": 0.8042914418943748,
            "std": 0.20397305766099122
        },
        "complexity": {
            "mean": 14.763362176418305,
            "std": 3.8397612209402032
        },
        "sparsity": {
            "mean": 83.90744328737259,
            "std": 35.573026895618206
        }
    },
    "deeplift": {
        "avg-drop": {
            "mean": 0.18177359105960933,
            "std": 0.34157981039039825
        },
        "inc-conf": {
            "mean": 0.67,
            "std": 0.4702127178203499
        },
        "delete-auc": {
            "mean": 0.6946605349793795,
            "std": 0.20532308498007634
        },
        "insert-auc": {
            "mean": 0.7374377342871299,
            "std": 0.2114099133870567
        },
        "complexity": {
            "mean": 173.03335722446442,
            "std": 28.9542486808766
        },
        "sparsity": {
            "mean": 2.223836301267147,
            "std": 0.7009329033224178
        }
    },
    "deeplift-shap": {
        "avg-drop": {
            "mean": 0.17054564545396717,
            "std": 0.3268888402234635
        },
        "inc-conf": {
            "mean": 0.67,
            "std": 0.4702127178203499
        },
        "delete-auc": {
            "mean": 0.7321962657216653,
            "std": 0.202218138875669
        },
        "insert-auc": {
            "mean": 0.741616566773964,
            "std": 0.21795404632473753
        },
        "complexity": {
            "mean": 168.98187282562256,
            "std": 27.352298436731793
        },
        "sparsity": {
            "mean": 2.275831382572651,
            "std": 0.6486062856609264
        }
    },
    "gradient-shap": {
        "avg-drop": {
            "mean": 0.17890569922599753,
            "std": 0.3407384006368093
        },
        "inc-conf": {
            "mean": 0.645,
            "std": 0.4785133226985431
        },
        "delete-auc": {
            "mean": 0.7208065420757458,
            "std": 0.20061429693264832
        },
        "insert-auc": {
            "mean": 0.7476482830604815,
            "std": 0.21195926636423196
        },
        "complexity": {
            "mean": 174.87350255012512,
            "std": 30.006574890922845
        },
        "sparsity": {
            "mean": 2.193315216898918,
            "std": 0.6119940382908137
        }
    },
    "guided-backprop": {
        "avg-drop": {
            "mean": 0.20962914545800232,
            "std": 0.31532095238775953
        },
        "inc-conf": {
            "mean": 0.34,
            "std": 0.4737087712930804
        },
        "delete-auc": {
            "mean": 0.7182513259171407,
            "std": 0.20340670011576645
        },
        "insert-auc": {
            "mean": 0.7235057495392303,
            "std": 0.22026259108465115
        },
        "complexity": {
            "mean": 174.22890573501587,
            "std": 14.87450330617054
        },
        "sparsity": {
            "mean": 2.0466128933429717,
            "std": 0.18772391348400985
        }
    }
}