{
    "ours": {
        "avg-drop": {
            "mean": 0.3365109788775444,
            "std": 0.2560411868951612
        },
        "delete-auc": {
            "mean": 0.4460356915199922,
            "std": 0.1796152689338764
        },
        "complexity": {
            "mean": 43.4351350440979,
            "std": 46.93170027611096
        },
        "sparsity": {
            "mean": 22.028106411933898,
            "std": 24.259184123325564
        }
    }
}