{
    "ours": {
        "avg-drop": {
            "mean": 0.48386351694399493,
            "std": 0.3617314389185292
        },
        "inc-conf": {
            "mean": 0.025,
            "std": 0.15612494995995996
        },
        "delete-auc": {
            "mean": 0.4030797456397534,
            "std": 0.10394141731886439
        },
        "insert-auc": {
            "mean": 0.4857292589000627,
            "std": 0.11445345828357834
        },
        "complexity": {
            "mean": 35.28933413505554,
            "std": 21.4466607825511
        },
        "sparsity": {
            "mean": 23.2267214179039,
            "std": 27.419581515317425
        }
    },
    "layer-ig": {
        "avg-drop": {
            "mean": 0.024646044462433566,
            "std": 0.12411859829029591
        },
        "inc-conf": {
            "mean": 0.489,
            "std": 0.49987898535545583
        },
        "delete-auc": {
            "mean": 0.321997799993564,
            "std": 0.1125207601870527
        },
        "insert-auc": {
            "mean": 0.3900455943777005,
            "std": 0.10153233184379802
        },
        "complexity": {
            "mean": 109.27710659027099,
            "std": 17.422702575508545
        },
        "sparsity": {
            "mean": 2.1122114580869673,
            "std": 0.38182501395714014
        }
    },
    "saliency": {
        "avg-drop": {
            "mean": 0.7621663002111018,
            "std": 0.2395904226585272
        },
        "inc-conf": {
            "mean": 0.006,
            "std": 0.07722693830523131
        },
        "delete-auc": {
            "mean": 0.3722537933501518,
            "std": 0.06356862679848889
        },
        "insert-auc": {
            "mean": 0.36677116404823107,
            "std": 0.07141174606785458
        },
        "complexity": {
            "mean": 10.462435669660568,
            "std": 5.059310085584608
        },
        "sparsity": {
            "mean": 73.25500364303589,
            "std": 60.007253246362644
        }
    },
    "deeplift": {
        "avg-drop": {
            "mean": 0.025393879126972024,
            "std": 0.12386989838565357
        },
        "inc-conf": {
            "mean": 0.536,
            "std": 0.49870231601627835
        },
        "delete-auc": {
            "mean": 0.3406761498469947,
            "std": 0.09464726899898136
        },
        "insert-auc": {
            "mean": 0.3656810148009729,
            "std": 0.07404641348661425
        },
        "complexity": {
            "mean": 112.40588090133667,
            "std": 15.83982619127623
        },
        "sparsity": {
            "mean": 2.0386450531482696,
            "std": 0.3207068330588728
        }
    },
    "deeplift-shap": {
        "avg-drop": {
            "mean": 0.02454445092897731,
            "std": 0.12334415123261237
        },
        "inc-conf": {
            "mean": 0.545,
            "std": 0.49797088268291345
        },
        "delete-auc": {
            "mean": 0.3433007836205044,
            "std": 0.08919922885723247
        },
        "insert-auc": {
            "mean": 0.3663177072177375,
            "std": 0.07050058976668336
        },
        "complexity": {
            "mean": 112.28576975631714,
            "std": 16.020797398694686
        },
        "sparsity": {
            "mean": 2.0401838651895523,
            "std": 0.3088198234749421
        }
    },
    "gradient-shap": {
        "avg-drop": {
            "mean": 0.023310656262172415,
            "std": 0.11679810565110782
        },
        "inc-conf": {
            "mean": 0.42,
            "std": 0.4935585071701227
        },
        "delete-auc": {
            "mean": 0.3350275358567513,
            "std": 0.09679345508588873
        },
        "insert-auc": {
            "mean": 0.38228606642018775,
            "std": 0.0837277572579347
        },
        "complexity": {
            "mean": 110.76277523803711,
            "std": 14.27518267436036
        },
        "sparsity": {
            "mean": 2.0618064560890197,
            "std": 0.287340255350596
        }
    },
    "guided-backprop": {
        "avg-drop": {
            "mean": 0.08295132540273517,
            "std": 0.2005251941833352
        },
        "inc-conf": {
            "mean": 0.207,
            "std": 0.40515552569352925
        },
        "delete-auc": {
            "mean": 0.3677070108386962,
            "std": 0.07661227684025065
        },
        "insert-auc": {
            "mean": 0.3584273185820307,
            "std": 0.08513954096242254
        },
        "complexity": {
            "mean": 112.9908860244751,
            "std": 12.511526197265283
        },
        "sparsity": {
            "mean": 2.010247354030609,
            "std": 0.2295078151713902
        }
    }
}