{
    "ours": {
        "avg-drop": {
            "mean": 0.003359099581837654,
            "std": 0.006682981188951799
        },
        "delete-auc": {
            "mean": 0.17335561336576946,
            "std": 0.12900926870195914
        },
        "complexity": {
            "mean": 4.2468473958969115,
            "std": 0.9564593742667066
        },
        "sparsity": {
            "mean": 32.31852334022522,
            "std": 17.154411435645766
        }
    }
}