{
    "ours": {
        "avg-drop": {
            "mean": 0.0006183050572872162,
            "std": 0.0017944174113200255
        },
        "inc-conf": {
            "mean": 0.425,
            "std": 0.49434299833212975
        },
        "delete-auc": {
            "mean": 0.347717297297457,
            "std": 0.4532475591981769
        },
        "insert-auc": {
            "mean": 0.8635619001337707,
            "std": 0.14553961764567103
        },
        "complexity": {
            "mean": 4.2468473958969115,
            "std": 0.9564593742667066
        },
        "sparsity": {
            "mean": 32.31852334022522,
            "std": 17.154411435645766
        }
    },
    "layer-ig": {
        "avg-drop": {
            "mean": 0.020765751168131827,
            "std": 0.10003225007655563
        },
        "inc-conf": {
            "mean": 0.913,
            "std": 0.2818350581457176
        },
        "delete-auc": {
            "mean": 0.36104758973611045,
            "std": 0.2694751696154479
        },
        "insert-auc": {
            "mean": 0.8642678546241714,
            "std": 0.21587472134692745
        },
        "complexity": {
            "mean": 329.94676261901856,
            "std": 101.27186512984767
        },
        "sparsity": {
            "mean": 2.1488146978616713,
            "std": 0.921206862933268
        }
    },
    "saliency": {
        "avg-drop": {
            "mean": 0.39533835005760193,
            "std": 0.39136949342369126
        },
        "inc-conf": {
            "mean": 0.244,
            "std": 0.42949272403615874
        },
        "delete-auc": {
            "mean": 0.5716500972931106,
            "std": 0.25262699900912117
        },
        "insert-auc": {
            "mean": 0.7513218580281661,
            "std": 0.216099628047074
        },
        "complexity": {
            "mean": 13.147860433101654,
            "std": 2.974362528750899
        },
        "sparsity": {
            "mean": 410.9241767883301,
            "std": 156.4961878605031
        }
    },
    "deeplift": {
        "avg-drop": {
            "mean": 0.02469677399098873,
            "std": 0.10972124076054439
        },
        "inc-conf": {
            "mean": 0.918,
            "std": 0.2743647207641682
        },
        "delete-auc": {
            "mean": 0.3775922266496284,
            "std": 0.27022744749015853
        },
        "insert-auc": {
            "mean": 0.7767119883352134,
            "std": 0.24694014033466782
        },
        "complexity": {
            "mean": 308.8344829521179,
            "std": 103.96398998781572
        },
        "sparsity": {
            "mean": 2.3549744818210603,
            "std": 1.1125221551198616
        }
    },
    "deeplift-shap": {
        "avg-drop": {
            "mean": 0.02231421136856079,
            "std": 0.10624162732498306
        },
        "inc-conf": {
            "mean": 0.932,
            "std": 0.251745903640953
        },
        "delete-auc": {
            "mean": 0.3536551197053224,
            "std": 0.2687681135435085
        },
        "insert-auc": {
            "mean": 0.8121809359126503,
            "std": 0.24350132287353765
        },
        "complexity": {
            "mean": 310.3440736465454,
            "std": 88.64831642099337
        },
        "sparsity": {
            "mean": 2.2413633670806883,
            "std": 0.8733934494881668
        }
    },
    "gradient-shap": {
        "avg-drop": {
            "mean": 0.01933594584465027,
            "std": 0.09384744463424333
        },
        "inc-conf": {
            "mean": 0.91,
            "std": 0.2861817604250837
        },
        "delete-auc": {
            "mean": 0.2866295829671048,
            "std": 0.2592379400997755
        },
        "insert-auc": {
            "mean": 0.8668769596089609,
            "std": 0.2305292390068005
        },
        "complexity": {
            "mean": 280.5056078948975,
            "std": 96.22778958886767
        },
        "sparsity": {
            "mean": 2.5576351249217986,
            "std": 1.0443261253901797
        }
    },
    "guided-backprop": {
        "avg-drop": {
            "mean": 0.014261341959238052,
            "std": 0.047819361452435316
        },
        "inc-conf": {
            "mean": 0.586,
            "std": 0.4925484747717731
        },
        "delete-auc": {
            "mean": 0.6817304588062234,
            "std": 0.23968653436038403
        },
        "insert-auc": {
            "mean": 0.7026447906763597,
            "std": 0.23157826802115442
        },
        "complexity": {
            "mean": 311.6934104919434,
            "std": 32.741164689036616
        },
        "sparsity": {
            "mean": 2.0350188215970992,
            "std": 0.22064757778378857
        }
    }
}