{
    "f1_macro": 0.9882491739169263,
    "f1_micro": 0.99,
    "attribution": {
        "ours": {
            "iou": 0.5829436182975769
        },
        "layer-ig": {
            "iou": 0.3452426791191101
        },
        "saliency": {
            "iou": 0.3454935550689697
        },
        "deeplift": {
            "iou": 0.3450990319252014
        },
        "deeplift-shap": {
            "iou": 0.34509432315826416
        },
        "gradient-shap": {
            "iou": 0.34497904777526855
        },
        "guided-backprop": {
            "iou": 0.345144659280777
        }
    }
}