{
    "ours": {
        "avg-drop": {
            "mean": 0.026754490951892522,
            "std": 0.10181547598489252
        },
        "inc-conf": {
            "mean": 0.41,
            "std": 0.4918333050943175
        },
        "delete-auc": {
            "mean": 0.6083599927582607,
            "std": 0.22109400964207274
        },
        "insert-auc": {
            "mean": 0.8929516305430514,
            "std": 0.09656092926177848
        },
        "complexity": {
            "mean": 9.402804173827171,
            "std": 4.653553209838879
        },
        "sparsity": {
            "mean": 7.810728041172028,
            "std": 11.561727262518641
        }
    },
    "layer-ig": {
        "avg-drop": {
            "mean": 0.006489395619301533,
            "std": 0.0734037489405241
        },
        "inc-conf": {
            "mean": 0.963,
            "std": 0.18876175460087244
        },
        "delete-auc": {
            "mean": 0.5652450868166482,
            "std": 0.22141578685834346
        },
        "insert-auc": {
            "mean": 0.8382683823089772,
            "std": 0.13293037962324686
        },
        "complexity": {
            "mean": 330.4515016365051,
            "std": 94.81378385363183
        },
        "sparsity": {
            "mean": 2.1143719153404237,
            "std": 0.8635026640743981
        }
    },
    "saliency": {
        "avg-drop": {
            "mean": 0.47959228262491527,
            "std": 0.23688092087850593
        },
        "inc-conf": {
            "mean": 0.014,
            "std": 0.11749042514179613
        },
        "delete-auc": {
            "mean": 0.7375468347742699,
            "std": 0.12847072179777175
        },
        "insert-auc": {
            "mean": 0.7549465159372466,
            "std": 0.13942593779740609
        },
        "complexity": {
            "mean": 18.574563948631287,
            "std": 5.9645218240937075
        },
        "sparsity": {
            "mean": 113.98073214530945,
            "std": 91.04861945356323
        }
    },
    "deeplift": {
        "avg-drop": {
            "mean": 0.013884723075085731,
            "std": 0.0994845611065522
        },
        "inc-conf": {
            "mean": 0.927,
            "std": 0.2601365026289083
        },
        "delete-auc": {
            "mean": 0.6197197686938648,
            "std": 0.21524592249584995
        },
        "insert-auc": {
            "mean": 0.7816175479437985,
            "std": 0.13105582488079076
        },
        "complexity": {
            "mean": 315.1804607810974,
            "std": 108.63047360766753
        },
        "sparsity": {
            "mean": 2.3515120532512666,
            "std": 1.2441169872946927
        }
    },
    "deeplift-shap": {
        "avg-drop": {
            "mean": 0.012240174247285665,
            "std": 0.0924254178328508
        },
        "inc-conf": {
            "mean": 0.936,
            "std": 0.24475293665245368
        },
        "delete-auc": {
            "mean": 0.5645360228012817,
            "std": 0.23608772663551927
        },
        "insert-auc": {
            "mean": 0.8074454940957823,
            "std": 0.13283441909988164
        },
        "complexity": {
            "mean": 314.571854221344,
            "std": 103.97776054427881
        },
        "sparsity": {
            "mean": 2.3288477251529693,
            "std": 1.210638002281165
        }
    },
    "gradient-shap": {
        "avg-drop": {
            "mean": 0.008304280845270483,
            "std": 0.07730363108844195
        },
        "inc-conf": {
            "mean": 0.906,
            "std": 0.2918287168871494
        },
        "delete-auc": {
            "mean": 0.551178376903744,
            "std": 0.24295336031194303
        },
        "insert-auc": {
            "mean": 0.8229872703900613,
            "std": 0.1369099793792874
        },
        "complexity": {
            "mean": 295.528044670105,
            "std": 111.57665697722157
        },
        "sparsity": {
            "mean": 2.518798592567444,
            "std": 1.2160612257918215
        }
    },
    "guided-backprop": {
        "avg-drop": {
            "mean": 0.005137992989996946,
            "std": 0.04510272536944644
        },
        "inc-conf": {
            "mean": 0.63,
            "std": 0.4828043081829324
        },
        "delete-auc": {
            "mean": 0.7614971632721991,
            "std": 0.15328550945246078
        },
        "insert-auc": {
            "mean": 0.770187642044494,
            "std": 0.13914950855506397
        },
        "complexity": {
            "mean": 313.13562571716307,
            "std": 41.1385142518985
        },
        "sparsity": {
            "mean": 2.041348509311676,
            "std": 0.29556717436775826
        }
    }
}