{
    "ours": {
        "avg-drop": {
            "mean": 0.0803413375846685,
            "std": 0.12525824562355975
        },
        "inc-conf": {
            "mean": 0.254,
            "std": 0.4352975993501457
        },
        "delete-auc": {
            "mean": 0.6554436175131414,
            "std": 0.13716160029467686
        },
        "insert-auc": {
            "mean": 0.6663767305724068,
            "std": 0.13059548822726455
        },
        "complexity": {
            "mean": 7.321401757240295,
            "std": 0.6155099131391495
        },
        "sparsity": {
            "mean": 3.246205350399017,
            "std": 0.6388907387882982
        }
    },
    "layer-ig": {
        "avg-drop": {
            "mean": 0.37838573947083204,
            "std": 0.19770908188599276
        },
        "inc-conf": {
            "mean": 0.078,
            "std": 0.26817158686184484
        },
        "delete-auc": {
            "mean": 0.6600108427058415,
            "std": 0.09115513386773301
        },
        "insert-auc": {
            "mean": 0.6699619213425858,
            "std": 0.1029959415825406
        },
        "complexity": {
            "mean": 3.849543658018112,
            "std": 1.75052621509611
        },
        "sparsity": {
            "mean": 896.9831064453125,
            "std": 1263.0917929528869
        }
    },
    "saliency": {
        "avg-drop": {
            "mean": 0.3805581640079618,
            "std": 0.18893725532286684
        },
        "inc-conf": {
            "mean": 0.066,
            "std": 0.24828209762284512
        },
        "delete-auc": {
            "mean": 0.6561627374670835,
            "std": 0.1012990628928844
        },
        "insert-auc": {
            "mean": 0.6725161199944139,
            "std": 0.09055431759583615
        },
        "complexity": {
            "mean": 16.791110047340393,
            "std": 5.934263405256641
        },
        "sparsity": {
            "mean": 103.6716784286499,
            "std": 88.49988955162127
        }
    },
    "deeplift": {
        "avg-drop": {
            "mean": 0.38249897306691855,
            "std": 0.19660022428901874
        },
        "inc-conf": {
            "mean": 0.07,
            "std": 0.25514701644346144
        },
        "delete-auc": {
            "mean": 0.6630497685563941,
            "std": 0.09034485457464972
        },
        "insert-auc": {
            "mean": 0.6691264381922154,
            "std": 0.09482725228366336
        },
        "complexity": {
            "mean": 2.7354283270835875,
            "std": 1.1601309289689328
        },
        "sparsity": {
            "mean": 1440.1688894042968,
            "std": 1673.6021777559918
        }
    },
    "deeplift-shap": {
        "avg-drop": {
            "mean": 0.38239949735812845,
            "std": 0.19735812820917228
        },
        "inc-conf": {
            "mean": 0.072,
            "std": 0.2584879107424562
        },
        "delete-auc": {
            "mean": 0.6599535751777297,
            "std": 0.09274787549820755
        },
        "insert-auc": {
            "mean": 0.6696072921047402,
            "std": 0.09415210026076025
        },
        "complexity": {
            "mean": 4.653576146841049,
            "std": 2.2015174172984313
        },
        "sparsity": {
            "mean": 694.1864804534912,
            "std": 869.3478933158004
        }
    },
    "gradient-shap": {
        "avg-drop": {
            "mean": 0.3806708775088191,
            "std": 0.19632163150492896
        },
        "inc-conf": {
            "mean": 0.07,
            "std": 0.25514701644346144
        },
        "delete-auc": {
            "mean": 0.6571743208214359,
            "std": 0.0956077038048715
        },
        "insert-auc": {
            "mean": 0.6703100629556027,
            "std": 0.09434842747007348
        },
        "complexity": {
            "mean": 5.318606951713562,
            "std": 2.826888620370684
        },
        "sparsity": {
            "mean": 540.0846420898438,
            "std": 699.5368780446628
        }
    },
    "guided-backprop": {
        "avg-drop": {
            "mean": 0.3805581640079618,
            "std": 0.18893725532286684
        },
        "inc-conf": {
            "mean": 0.066,
            "std": 0.24828209762284512
        },
        "delete-auc": {
            "mean": 0.6561627374670835,
            "std": 0.1012990628928844
        },
        "insert-auc": {
            "mean": 0.6725161199944139,
            "std": 0.09055431759583615
        },
        "complexity": {
            "mean": 16.791110047340393,
            "std": 5.934263405256641
        },
        "sparsity": {
            "mean": 103.6716784286499,
            "std": 88.49988955162127
        }
    }
}