{
    "ours": {
        "avg-drop": {
            "mean": 0.20120642533459612,
            "std": 0.2882875681734113
        },
        "inc-conf": {
            "mean": 0.226,
            "std": 0.41823916602824274
        },
        "delete-auc": {
            "mean": 0.3754096121823342,
            "std": 0.21020543713774037
        },
        "insert-auc": {
            "mean": 0.7217867083805356,
            "std": 0.16078991175254878
        },
        "complexity": {
            "mean": 49.19737367808819,
            "std": 3.317019190675934
        },
        "sparsity": {
            "mean": 8.49789749956131,
            "std": 2.0392822464341323
        }
    },
    "layer-ig": {
        "avg-drop": {
            "mean": 0.30363092163810507,
            "std": 0.36115815573134136
        },
        "inc-conf": {
            "mean": 0.228,
            "std": 0.41954260808647315
        },
        "delete-auc": {
            "mean": 0.5282834049930728,
            "std": 0.18814124758597833
        },
        "insert-auc": {
            "mean": 0.7646133800836308,
            "std": 0.17906828732288393
        },
        "complexity": {
            "mean": 10.656801481723786,
            "std": 2.9998953044955545
        },
        "sparsity": {
            "mean": 247.49354215812684,
            "std": 72.95853212214581
        }
    },
    "saliency": {
        "avg-drop": {
            "mean": 0.37088841939449774,
            "std": 0.3808049014405475
        },
        "inc-conf": {
            "mean": 0.208,
            "std": 0.4058768286069064
        },
        "delete-auc": {
            "mean": 0.5632537230710807,
            "std": 0.15095435890617015
        },
        "insert-auc": {
            "mean": 0.6391401556850658,
            "std": 0.17974911369496924
        },
        "complexity": {
            "mean": 14.981883114814758,
            "std": 3.5286895659194255
        },
        "sparsity": {
            "mean": 81.46617788314819,
            "std": 38.298628346270384
        }
    },
    "deeplift": {
        "avg-drop": {
            "mean": 0.29800245105533396,
            "std": 0.31023121612731486
        },
        "inc-conf": {
            "mean": 0.166,
            "std": 0.3720806364217305
        },
        "delete-auc": {
            "mean": 0.5604062824168246,
            "std": 0.15851558653521583
        },
        "insert-auc": {
            "mean": 0.7635404426606389,
            "std": 0.16147269321862467
        },
        "complexity": {
            "mean": 8.791813687562943,
            "std": 2.8220178094105624
        },
        "sparsity": {
            "mean": 292.45321766853334,
            "std": 102.8747466810653
        }
    },
    "deeplift-shap": {
        "avg-drop": {
            "mean": 0.2717376805169042,
            "std": 0.30799604601186403
        },
        "inc-conf": {
            "mean": 0.202,
            "std": 0.4014922166119787
        },
        "delete-auc": {
            "mean": 0.5546028363687696,
            "std": 0.16252982169419794
        },
        "insert-auc": {
            "mean": 0.7511300175442602,
            "std": 0.16466396077987194
        },
        "complexity": {
            "mean": 9.60268669486046,
            "std": 2.7540376516469256
        },
        "sparsity": {
            "mean": 218.6670150346756,
            "std": 62.736146523130515
        }
    },
    "gradient-shap": {
        "avg-drop": {
            "mean": 0.3004978214126313,
            "std": 0.33681955087860976
        },
        "inc-conf": {
            "mean": 0.216,
            "std": 0.41151427678757396
        },
        "delete-auc": {
            "mean": 0.5557257117695444,
            "std": 0.16265062558701512
        },
        "insert-auc": {
            "mean": 0.7420609162956807,
            "std": 0.17645904896800033
        },
        "complexity": {
            "mean": 9.977029849648476,
            "std": 3.0243138422692923
        },
        "sparsity": {
            "mean": 214.57322985076905,
            "std": 127.38263678097768
        }
    },
    "guided-backprop": {
        "avg-drop": {
            "mean": 0.37088841939449774,
            "std": 0.3808049014405475
        },
        "inc-conf": {
            "mean": 0.208,
            "std": 0.4058768286069064
        },
        "delete-auc": {
            "mean": 0.5632537230710807,
            "std": 0.15095435890617015
        },
        "insert-auc": {
            "mean": 0.6391401556850658,
            "std": 0.17974911369496924
        },
        "complexity": {
            "mean": 14.981883114814758,
            "std": 3.5286895659194255
        },
        "sparsity": {
            "mean": 81.46617788314819,
            "std": 38.298628346270384
        }
    }
}