{
    "ours": {
        "avg-drop": {
            "mean": 0.046810642375728094,
            "std": 0.08581295945090385
        },
        "inc-conf": {
            "mean": 0.312,
            "std": 0.4633098315382483
        },
        "delete-auc": {
            "mean": 0.6605563539945033,
            "std": 0.1336712017472166
        },
        "insert-auc": {
            "mean": 0.6740499907487538,
            "std": 0.12946314737556208
        },
        "complexity": {
            "mean": 9.07416711139679,
            "std": 0.2752606092861354
        },
        "sparsity": {
            "mean": 2.5671784205436707,
            "std": 0.2036610265789362
        }
    },
    "layer-ig": {
        "avg-drop": {
            "mean": 0.3782628718977794,
            "std": 0.19771941189843856
        },
        "inc-conf": {
            "mean": 0.078,
            "std": 0.26817158686184484
        },
        "delete-auc": {
            "mean": 0.6604537978335214,
            "std": 0.0905474609577159
        },
        "insert-auc": {
            "mean": 0.6700143678276356,
            "std": 0.10295159231272913
        },
        "complexity": {
            "mean": 3.8329279742240905,
            "std": 1.7453370077615153
        },
        "sparsity": {
            "mean": 899.4043182067871,
            "std": 1262.524239201503
        }
    },
    "saliency": {
        "avg-drop": {
            "mean": 0.38053841282607753,
            "std": 0.18893569183280393
        },
        "inc-conf": {
            "mean": 0.064,
            "std": 0.24475293665245368
        },
        "delete-auc": {
            "mean": 0.6566850161263174,
            "std": 0.10073400169954562
        },
        "insert-auc": {
            "mean": 0.6726510605956431,
            "std": 0.09020437218678709
        },
        "complexity": {
            "mean": 16.764329033851624,
            "std": 5.954265172428694
        },
        "sparsity": {
            "mean": 104.06115982818604,
            "std": 88.68082570950598
        }
    },
    "deeplift": {
        "avg-drop": {
            "mean": 0.3826087958645076,
            "std": 0.1964202006623703
        },
        "inc-conf": {
            "mean": 0.07,
            "std": 0.25514701644346144
        },
        "delete-auc": {
            "mean": 0.6629010173986589,
            "std": 0.09055216356687108
        },
        "insert-auc": {
            "mean": 0.6691851021151576,
            "std": 0.09459705172347857
        },
        "complexity": {
            "mean": 2.738620957612991,
            "std": 1.1744281609501115
        },
        "sparsity": {
            "mean": 1449.8171006469727,
            "std": 1679.8177505739334
        }
    },
    "deeplift-shap": {
        "avg-drop": {
            "mean": 0.38253921109158545,
            "std": 0.19721085612563635
        },
        "inc-conf": {
            "mean": 0.07,
            "std": 0.25514701644346144
        },
        "delete-auc": {
            "mean": 0.6600420328315036,
            "std": 0.09319373685381552
        },
        "insert-auc": {
            "mean": 0.6694043399701526,
            "std": 0.09421422202436851
        },
        "complexity": {
            "mean": 4.665352055549621,
            "std": 2.237815820503169
        },
        "sparsity": {
            "mean": 697.5939263458251,
            "std": 871.7137941588
        }
    },
    "gradient-shap": {
        "avg-drop": {
            "mean": 0.38076267626695337,
            "std": 0.19689343184710237
        },
        "inc-conf": {
            "mean": 0.076,
            "std": 0.2649981132008302
        },
        "delete-auc": {
            "mean": 0.658129190853421,
            "std": 0.09367982368975174
        },
        "insert-auc": {
            "mean": 0.6695073767433725,
            "std": 0.0939619925432616
        },
        "complexity": {
            "mean": 5.248445262908936,
            "std": 2.7749539702910755
        },
        "sparsity": {
            "mean": 551.4849735412598,
            "std": 847.0628929433377
        }
    },
    "guided-backprop": {
        "avg-drop": {
            "mean": 0.38053841282607753,
            "std": 0.18893569183280393
        },
        "inc-conf": {
            "mean": 0.064,
            "std": 0.24475293665245368
        },
        "delete-auc": {
            "mean": 0.6566850161263174,
            "std": 0.10073400169954562
        },
        "insert-auc": {
            "mean": 0.6726510605956431,
            "std": 0.09020437218678709
        },
        "complexity": {
            "mean": 16.764329033851624,
            "std": 5.954265172428694
        },
        "sparsity": {
            "mean": 104.06115982818604,
            "std": 88.68082570950598
        }
    }
}