{
    "ours": {
        "avg-drop": {
            "mean": 0.029372344502269925,
            "std": 0.12268079009980731
        },
        "inc-conf": {
            "mean": 0.289,
            "std": 0.4532979152830951
        },
        "delete-auc": {
            "mean": 0.5482897366364747,
            "std": 0.25035765929675213
        },
        "insert-auc": {
            "mean": 0.9485191475183836,
            "std": 0.08973791806460217
        },
        "complexity": {
            "mean": 4.903236890077591,
            "std": 2.2171280857999482
        },
        "sparsity": {
            "mean": 12.640978721618652,
            "std": 12.288585498537296
        }
    },
    "layer-ig": {
        "avg-drop": {
            "mean": 0.021033937753109667,
            "std": 0.13730877192396768
        },
        "inc-conf": {
            "mean": 0.947,
            "std": 0.22403347964087864
        },
        "delete-auc": {
            "mean": 0.5723121281132324,
            "std": 0.22052403295339523
        },
        "insert-auc": {
            "mean": 0.8305112662717234,
            "std": 0.1511927902694952
        },
        "complexity": {
            "mean": 329.83477035140993,
            "std": 94.70563583900793
        },
        "sparsity": {
            "mean": 2.117122197985649,
            "std": 0.8589807514539269
        }
    },
    "saliency": {
        "avg-drop": {
            "mean": 0.47977472439594565,
            "std": 0.23677812915498853
        },
        "inc-conf": {
            "mean": 0.014,
            "std": 0.11749042514179613
        },
        "delete-auc": {
            "mean": 0.737522194107934,
            "std": 0.12862886362675754
        },
        "insert-auc": {
            "mean": 0.7549878228828889,
            "std": 0.13932709278047894
        },
        "complexity": {
            "mean": 18.569205946922303,
            "std": 5.972466526453666
        },
        "sparsity": {
            "mean": 114.05448086738586,
            "std": 91.07584676859227
        }
    },
    "deeplift": {
        "avg-drop": {
            "mean": 0.027452578969651312,
            "std": 0.14754938071356827
        },
        "inc-conf": {
            "mean": 0.912,
            "std": 0.28329489935401236
        },
        "delete-auc": {
            "mean": 0.6262334141234718,
            "std": 0.21164338712770253
        },
        "insert-auc": {
            "mean": 0.7743313180398375,
            "std": 0.1453485891306164
        },
        "complexity": {
            "mean": 315.49503174209593,
            "std": 108.50075509140275
        },
        "sparsity": {
            "mean": 2.3451703857183457,
            "std": 1.234606759235339
        }
    },
    "deeplift-shap": {
        "avg-drop": {
            "mean": 0.02717859245683843,
            "std": 0.14869668552780357
        },
        "inc-conf": {
            "mean": 0.92,
            "std": 0.2712931993250107
        },
        "delete-auc": {
            "mean": 0.5721833119155926,
            "std": 0.2333692336337746
        },
        "insert-auc": {
            "mean": 0.8000337197347317,
            "std": 0.14933964202432992
        },
        "complexity": {
            "mean": 315.61942769241335,
            "std": 103.78122460838263
        },
        "sparsity": {
            "mean": 2.31734802877903,
            "std": 1.2021440615426475
        }
    },
    "gradient-shap": {
        "avg-drop": {
            "mean": 0.019335351838785216,
            "std": 0.12571477721265195
        },
        "inc-conf": {
            "mean": 0.891,
            "std": 0.3116392144772541
        },
        "delete-auc": {
            "mean": 0.5578065176877707,
            "std": 0.24264588483900248
        },
        "insert-auc": {
            "mean": 0.8162928052771944,
            "std": 0.14997581733019494
        },
        "complexity": {
            "mean": 296.1628956756592,
            "std": 111.6283520264582
        },
        "sparsity": {
            "mean": 2.5195640059709548,
            "std": 1.2355406604486767
        }
    },
    "guided-backprop": {
        "avg-drop": {
            "mean": 0.00543078174488366,
            "std": 0.038714495200627176
        },
        "inc-conf": {
            "mean": 0.624,
            "std": 0.48438001610305936
        },
        "delete-auc": {
            "mean": 0.7642501459618796,
            "std": 0.14901787790153143
        },
        "insert-auc": {
            "mean": 0.7679471066847907,
            "std": 0.1423048809460568
        },
        "complexity": {
            "mean": 313.0863638153076,
            "std": 41.164098712579985
        },
        "sparsity": {
            "mean": 2.0415722031593324,
            "std": 0.29466997302852044
        }
    }
}