{
    "ours": {
        "avg-drop": {
            "mean": 0.4566791754364967,
            "std": 0.6278940894803561
        },
        "delete-auc": {
            "mean": 1.8342073622312811,
            "std": 0.7584658082689727
        },
        "complexity": {
            "mean": 4.903236890077591,
            "std": 2.2171280857999482
        },
        "sparsity": {
            "mean": 12.640978721618652,
            "std": 12.288585498537296
        }
    },
    "layer-ig": {
        "avg-drop": {
            "mean": 0.7243612363338471,
            "std": 1.3863921232459522
        },
        "delete-auc": {
            "mean": 1.760599844776094,
            "std": 1.0606704375651683
        },
        "complexity": {
            "mean": 279.721420583725,
            "std": 171.6893873374364
        },
        "sparsity": {
            "mean": 4.374665663957596,
            "std": 4.963661907341412
        }
    },
    "saliency": {
        "avg-drop": {
            "mean": 3.186942610666156,
            "std": 1.0400392476146227
        },
        "delete-auc": {
            "mean": 3.063653702975147,
            "std": 0.9886263205974434
        },
        "complexity": {
            "mean": 18.569205692768097,
            "std": 5.972466939649419
        },
        "sparsity": {
            "mean": 114.05448078536988,
            "std": 91.07583118558401
        }
    },
    "deeplift": {
        "avg-drop": {
            "mean": 0.14549060320854187,
            "std": 0.6265338309676418
        },
        "delete-auc": {
            "mean": 1.6096486266859704,
            "std": 0.8057490799279224
        },
        "complexity": {
            "mean": 315.4950297088623,
            "std": 108.50075759562893
        },
        "sparsity": {
            "mean": 2.345170396208763,
            "std": 1.2346065812668863
        }
    },
    "deeplift-shap": {
        "avg-drop": {
            "mean": 0.14096151155233383,
            "std": 0.6341500107116794
        },
        "delete-auc": {
            "mean": 1.5831195888486171,
            "std": 0.7764527492317794
        },
        "complexity": {
            "mean": 315.61942972183226,
            "std": 103.78121996998507
        },
        "sparsity": {
            "mean": 2.3173479738235474,
            "std": 1.2021439899521016
        }
    },
    "gradient-shap": {
        "avg-drop": {
            "mean": 0.10217122974991798,
            "std": 0.504081423683845
        },
        "delete-auc": {
            "mean": 1.6590392532406582,
            "std": 0.810016365655072
        },
        "complexity": {
            "mean": 296.1628892402649,
            "std": 111.62835627776391
        },
        "sparsity": {
            "mean": 2.519564066410065,
            "std": 1.2355406714706347
        }
    },
    "guided-backprop": {
        "avg-drop": {
            "mean": 0.05211543896794319,
            "std": 0.13999772681926198
        },
        "delete-auc": {
            "mean": 1.6181635092124342,
            "std": 0.5624048923905461
        },
        "complexity": {
            "mean": 313.0863566894531,
            "std": 41.164102885698206
        },
        "sparsity": {
            "mean": 2.0415722506046294,
            "std": 0.2946700136853774
        }
    }
}