{
    "ours": {
        "avg-drop": {
            "mean": 0.025455760013259804,
            "std": 0.10978002507633933
        },
        "inc-conf": {
            "mean": 0.264,
            "std": 0.44079927404658914
        },
        "delete-auc": {
            "mean": 0.5428272155723955,
            "std": 0.24654609036567907
        },
        "insert-auc": {
            "mean": 0.9472594894445262,
            "std": 0.0895216944180852
        },
        "complexity": {
            "mean": 4.930967498779297,
            "std": 2.2220417810629653
        },
        "sparsity": {
            "mean": 12.881631815910339,
            "std": 12.62333079351544
        }
    },
    "layer-ig": {
        "avg-drop": {
            "mean": 0.4819200932029635,
            "std": 0.23623685757552848
        },
        "inc-conf": {
            "mean": 0.024,
            "std": 0.15304901175767194
        },
        "delete-auc": {
            "mean": 0.7323820495283296,
            "std": 0.12035057555065458
        },
        "insert-auc": {
            "mean": 0.7475970826253577,
            "std": 0.13695294257380888
        },
        "complexity": {
            "mean": 4.409583760738373,
            "std": 1.8308642783335771
        },
        "sparsity": {
            "mean": 812.4280062866211,
            "std": 728.0506604981023
        }
    },
    "saliency": {
        "avg-drop": {
            "mean": 0.49079523228481414,
            "std": 0.23746405072699678
        },
        "inc-conf": {
            "mean": 0.016,
            "std": 0.125475097130865
        },
        "delete-auc": {
            "mean": 0.7317794332644932,
            "std": 0.12623052754381717
        },
        "insert-auc": {
            "mean": 0.7492237414039528,
            "std": 0.14002919432976307
        },
        "complexity": {
            "mean": 18.397729725837706,
            "std": 6.31475063201844
        },
        "sparsity": {
            "mean": 120.77988274765015,
            "std": 104.61500233115761
        }
    },
    "deeplift": {
        "avg-drop": {
            "mean": 0.49803286084719,
            "std": 0.24925721859415562
        },
        "inc-conf": {
            "mean": 0.022,
            "std": 0.14668333238647124
        },
        "delete-auc": {
            "mean": 0.73227963340521,
            "std": 0.12041723045259106
        },
        "insert-auc": {
            "mean": 0.7381889187833327,
            "std": 0.11697057758130092
        },
        "complexity": {
            "mean": 3.7098455905914305,
            "std": 1.6495057920796612
        },
        "sparsity": {
            "mean": 1363.9493009643554,
            "std": 2013.488115861151
        }
    },
    "deeplift-shap": {
        "avg-drop": {
            "mean": 0.49322206921037287,
            "std": 0.24599857422982446
        },
        "inc-conf": {
            "mean": 0.02,
            "std": 0.13999999999999999
        },
        "delete-auc": {
            "mean": 0.732948062552645,
            "std": 0.12049569932388288
        },
        "insert-auc": {
            "mean": 0.7403039800043959,
            "std": 0.11974922801710763
        },
        "complexity": {
            "mean": 5.870743056774139,
            "std": 2.874662999342266
        },
        "sparsity": {
            "mean": 783.6899661712647,
            "std": 1204.2475801496516
        }
    },
    "gradient-shap": {
        "avg-drop": {
            "mean": 0.48654064925201235,
            "std": 0.237293238035318
        },
        "inc-conf": {
            "mean": 0.02,
            "std": 0.13999999999999999
        },
        "delete-auc": {
            "mean": 0.7277754139747992,
            "std": 0.1259745004041062
        },
        "insert-auc": {
            "mean": 0.7501581013055609,
            "std": 0.11871566474529842
        },
        "complexity": {
            "mean": 5.183529717206955,
            "std": 2.8930325001083443
        },
        "sparsity": {
            "mean": 688.6640973358154,
            "std": 870.2357955080541
        }
    },
    "guided-backprop": {
        "avg-drop": {
            "mean": 0.49079523228481414,
            "std": 0.23746405072699678
        },
        "inc-conf": {
            "mean": 0.016,
            "std": 0.125475097130865
        },
        "delete-auc": {
            "mean": 0.7317794332644932,
            "std": 0.12623052754381717
        },
        "insert-auc": {
            "mean": 0.7492237414039528,
            "std": 0.14002919432976307
        },
        "complexity": {
            "mean": 18.397729725837706,
            "std": 6.31475063201844
        },
        "sparsity": {
            "mean": 120.77988274765015,
            "std": 104.61500233115761
        }
    }
}