{
    "ours": {
        "avg-drop": {
            "mean": 0.22740198165934636,
            "std": 0.3114464612524132
        },
        "inc-conf": {
            "mean": 0.284,
            "std": 0.45093680266751346
        },
        "delete-auc": {
            "mean": 0.254853322457425,
            "std": 0.2732235563495308
        },
        "insert-auc": {
            "mean": 0.37840576457398983,
            "std": 0.24782647350444584
        },
        "complexity": {
            "mean": 113.98734809875488,
            "std": 10.276906715891197
        },
        "sparsity": {
            "mean": 6.014849816322327,
            "std": 1.173167588659141
        }
    },
    "layer-ig": {
        "avg-drop": {
            "mean": 0.8472256445330568,
            "std": 0.3185019651454758
        },
        "inc-conf": {
            "mean": 0.062,
            "std": 0.24115555146004825
        },
        "delete-auc": {
            "mean": 0.15126645880014303,
            "std": 0.17431556239593465
        },
        "insert-auc": {
            "mean": 0.4222916402428604,
            "std": 0.15966407370131183
        },
        "complexity": {
            "mean": 10.162184599876404,
            "std": 3.5694862092344835
        },
        "sparsity": {
            "mean": 110.4047183380127,
            "std": 66.19175621421125
        }
    },
    "saliency": {
        "avg-drop": {
            "mean": 0.8303004554137587,
            "std": 0.3265626282586254
        },
        "inc-conf": {
            "mean": 0.058,
            "std": 0.23374344910606587
        },
        "delete-auc": {
            "mean": 0.18867658641432108,
            "std": 0.1999428397001902
        },
        "insert-auc": {
            "mean": 0.425767150443029,
            "std": 0.1681106124836331
        },
        "complexity": {
            "mean": 12.220415380001068,
            "std": 5.078496398959869
        },
        "sparsity": {
            "mean": 88.88440343856811,
            "std": 80.27608431469415
        }
    },
    "deeplift": {
        "avg-drop": {
            "mean": 0.8375342699801549,
            "std": 0.32321141682313975
        },
        "inc-conf": {
            "mean": 0.05,
            "std": 0.21794494717703364
        },
        "delete-auc": {
            "mean": 0.1697931702543042,
            "std": 0.1909763977685208
        },
        "insert-auc": {
            "mean": 0.42425875171968197,
            "std": 0.15538176836851333
        },
        "complexity": {
            "mean": 9.46077576971054,
            "std": 3.4412717250765374
        },
        "sparsity": {
            "mean": 137.09872482681274,
            "std": 123.11434543090255
        }
    },
    "deeplift-shap": {
        "avg-drop": {
            "mean": 0.8416609544881503,
            "std": 0.3176409123964597
        },
        "inc-conf": {
            "mean": 0.05,
            "std": 0.21794494717703364
        },
        "delete-auc": {
            "mean": 0.17048694075043533,
            "std": 0.19050771345800804
        },
        "insert-auc": {
            "mean": 0.42506095236356656,
            "std": 0.15719333769703053
        },
        "complexity": {
            "mean": 9.433834321975707,
            "std": 3.598567664989843
        },
        "sparsity": {
            "mean": 139.05941920089722,
            "std": 125.3882513167729
        }
    },
    "gradient-shap": {
        "avg-drop": {
            "mean": 0.829575941993855,
            "std": 0.32051876703140836
        },
        "inc-conf": {
            "mean": 0.04,
            "std": 0.19595917942265426
        },
        "delete-auc": {
            "mean": 0.14686127833510573,
            "std": 0.1749632618314138
        },
        "insert-auc": {
            "mean": 0.4160257958478349,
            "std": 0.1598232664502564
        },
        "complexity": {
            "mean": 11.986476816177369,
            "std": 4.132448613516051
        },
        "sparsity": {
            "mean": 77.22620510864257,
            "std": 50.889289258928805
        }
    },
    "guided-backprop": {
        "avg-drop": {
            "mean": 0.8303011899022386,
            "std": 0.3265610292639402
        },
        "inc-conf": {
            "mean": 0.058,
            "std": 0.23374344910606587
        },
        "delete-auc": {
            "mean": 0.18867649192007951,
            "std": 0.19994300182303998
        },
        "insert-auc": {
            "mean": 0.42576664383804136,
            "std": 0.16810960001715627
        },
        "complexity": {
            "mean": 12.22044213104248,
            "std": 5.078534927690998
        },
        "sparsity": {
            "mean": 88.88428584289551,
            "std": 80.27610701869207
        }
    }
}