{
    "ours": {
        "avg-drop": {
            "mean": 0.27006916642531,
            "std": 0.3856335345268893
        },
        "inc-conf": {
            "mean": 0.349,
            "std": 0.4766539625346673
        },
        "delete-auc": {
            "mean": 0.42545618329236223,
            "std": 0.3901693227311261
        },
        "insert-auc": {
            "mean": 0.7756689962026879,
            "std": 0.2206771347089781
        },
        "complexity": {
            "mean": 2.7133184336423875,
            "std": 1.0405395102016193
        },
        "sparsity": {
            "mean": 87.21197391319275,
            "std": 72.39853038949374
        }
    },
    "layer-ig": {
        "avg-drop": {
            "mean": 0.13496442522666985,
            "std": 0.30108823935860785
        },
        "inc-conf": {
            "mean": 0.696,
            "std": 0.45998260836688165
        },
        "delete-auc": {
            "mean": 0.47377536502201234,
            "std": 0.29930801356186265
        },
        "insert-auc": {
            "mean": 0.7265340889523595,
            "std": 0.3359502055740575
        },
        "complexity": {
            "mean": 315.4889195480347,
            "std": 101.72819098955884
        },
        "sparsity": {
            "mean": 2.2776505202054977,
            "std": 1.0271189851698246
        }
    },
    "saliency": {
        "avg-drop": {
            "mean": 0.4527873886505258,
            "std": 0.4424911543933189
        },
        "inc-conf": {
            "mean": 0.247,
            "std": 0.4312667388055796
        },
        "delete-auc": {
            "mean": 0.5723129819757947,
            "std": 0.2511420526690233
        },
        "insert-auc": {
            "mean": 0.752120069525036,
            "std": 0.21587516610265425
        },
        "complexity": {
            "mean": 13.108311078071594,
            "std": 3.020488758538153
        },
        "sparsity": {
            "mean": 412.95424221801755,
            "std": 158.53832253859883
        }
    },
    "deeplift": {
        "avg-drop": {
            "mean": 0.14580748855353887,
            "std": 0.29930036129399584
        },
        "inc-conf": {
            "mean": 0.69,
            "std": 0.46249324319388707
        },
        "delete-auc": {
            "mean": 0.4789300297194077,
            "std": 0.29360409282128275
        },
        "insert-auc": {
            "mean": 0.6590677300801236,
            "std": 0.3389090167846013
        },
        "complexity": {
            "mean": 311.61842402648927,
            "std": 101.80582033913545
        },
        "sparsity": {
            "mean": 2.310338838934898,
            "std": 1.044505158148479
        }
    },
    "deeplift-shap": {
        "avg-drop": {
            "mean": 0.15300318288149356,
            "std": 0.30733894070320733
        },
        "inc-conf": {
            "mean": 0.695,
            "std": 0.460407428263272
        },
        "delete-auc": {
            "mean": 0.4742982635158256,
            "std": 0.30629619175860145
        },
        "insert-auc": {
            "mean": 0.6761507657343815,
            "std": 0.3524407940555805
        },
        "complexity": {
            "mean": 310.99938716888425,
            "std": 87.69535652562139
        },
        "sparsity": {
            "mean": 2.223432656764984,
            "std": 0.8295622571085021
        }
    },
    "gradient-shap": {
        "avg-drop": {
            "mean": 0.11994544228794984,
            "std": 0.2781945486777321
        },
        "inc-conf": {
            "mean": 0.685,
            "std": 0.46451587701606073
        },
        "delete-auc": {
            "mean": 0.4334577451117827,
            "std": 0.3308826783259088
        },
        "insert-auc": {
            "mean": 0.7032386654765022,
            "std": 0.3722933107022774
        },
        "complexity": {
            "mean": 298.72092881774904,
            "std": 99.05604256659988
        },
        "sparsity": {
            "mean": 2.396936203598976,
            "std": 0.9991384181869877
        }
    },
    "guided-backprop": {
        "avg-drop": {
            "mean": 0.029132480093576305,
            "std": 0.08138617058504598
        },
        "inc-conf": {
            "mean": 0.503,
            "std": 0.4999909999189985
        },
        "delete-auc": {
            "mean": 0.6903224398226928,
            "std": 0.23565152366863698
        },
        "insert-auc": {
            "mean": 0.6955773548663728,
            "std": 0.23696678160867754
        },
        "complexity": {
            "mean": 312.16518769836426,
            "std": 33.18444413941526
        },
        "sparsity": {
            "mean": 2.032829765558243,
            "std": 0.22633636575928404
        }
    }
}