{
    "ours": {
        "avg-drop": {
            "mean": 0.24758387884410332,
            "std": 0.37065997301271303
        },
        "inc-conf": {
            "mean": 0.352,
            "std": 0.4775939698111775
        },
        "delete-auc": {
            "mean": 0.443368030160893,
            "std": 0.3972458383177541
        },
        "insert-auc": {
            "mean": 0.7893771107611979,
            "std": 0.2165083029124724
        },
        "complexity": {
            "mean": 2.670785182714462,
            "std": 1.0155027396746577
        },
        "sparsity": {
            "mean": 89.24372641754151,
            "std": 72.88891718750597
        }
    },
    "layer-ig": {
        "avg-drop": {
            "mean": 0.4966961193225361,
            "std": 0.4666477111609656
        },
        "inc-conf": {
            "mean": 0.308,
            "std": 0.4616665463297075
        },
        "delete-auc": {
            "mean": 0.6003025978363382,
            "std": 0.24662846541569045
        },
        "insert-auc": {
            "mean": 0.7064041655507394,
            "std": 0.22176564259782555
        },
        "complexity": {
            "mean": 3.6031565680503843,
            "std": 1.3727226395801637
        },
        "sparsity": {
            "mean": 2702.9394603271485,
            "std": 1557.5455305732303
        }
    },
    "saliency": {
        "avg-drop": {
            "mean": 0.44867616827727763,
            "std": 0.43892847490772535
        },
        "inc-conf": {
            "mean": 0.246,
            "std": 0.43067853440820564
        },
        "delete-auc": {
            "mean": 0.5874223026471839,
            "std": 0.250407789127336
        },
        "insert-auc": {
            "mean": 0.7517275593456749,
            "std": 0.2116433156300748
        },
        "complexity": {
            "mean": 13.130011194229127,
            "std": 2.881533879330666
        },
        "sparsity": {
            "mean": 412.36904458618164,
            "std": 152.38616532682295
        }
    },
    "deeplift": {
        "avg-drop": {
            "mean": 0.5768888270103073,
            "std": 0.47061400512431123
        },
        "inc-conf": {
            "mean": 0.308,
            "std": 0.4616665463297075
        },
        "delete-auc": {
            "mean": 0.6059942058091429,
            "std": 0.2321464965098823
        },
        "insert-auc": {
            "mean": 0.6695353009074595,
            "std": 0.2158890936804485
        },
        "complexity": {
            "mean": 3.9375077221393586,
            "std": 1.667422420329784
        },
        "sparsity": {
            "mean": 2554.2261119384766,
            "std": 2020.4619835863523
        }
    },
    "deeplift-shap": {
        "avg-drop": {
            "mean": 0.5090938681167317,
            "std": 0.4578290195511886
        },
        "inc-conf": {
            "mean": 0.298,
            "std": 0.45737949232557423
        },
        "delete-auc": {
            "mean": 0.5979477196337369,
            "std": 0.24209261291046305
        },
        "insert-auc": {
            "mean": 0.7050680794536439,
            "std": 0.21994057732892794
        },
        "complexity": {
            "mean": 5.247885283946991,
            "std": 1.9440453122256673
        },
        "sparsity": {
            "mean": 1722.1077292480468,
            "std": 1185.6076998030962
        }
    },
    "gradient-shap": {
        "avg-drop": {
            "mean": 0.43718603018310387,
            "std": 0.4622180009116018
        },
        "inc-conf": {
            "mean": 0.334,
            "std": 0.471639692986076
        },
        "delete-auc": {
            "mean": 0.5542925951972881,
            "std": 0.278196365250467
        },
        "insert-auc": {
            "mean": 0.7464999895637265,
            "std": 0.22611765554198984
        },
        "complexity": {
            "mean": 5.086286911010742,
            "std": 2.030106584023762
        },
        "sparsity": {
            "mean": 1636.3264806518555,
            "std": 1067.02070182826
        }
    },
    "guided-backprop": {
        "avg-drop": {
            "mean": 0.44867616827727763,
            "std": 0.43892847490772535
        },
        "inc-conf": {
            "mean": 0.246,
            "std": 0.43067853440820564
        },
        "delete-auc": {
            "mean": 0.5874223026471839,
            "std": 0.250407789127336
        },
        "insert-auc": {
            "mean": 0.7517275593456749,
            "std": 0.2116433156300748
        },
        "complexity": {
            "mean": 13.130011194229127,
            "std": 2.881533879330666
        },
        "sparsity": {
            "mean": 412.36904458618164,
            "std": 152.38616532682295
        }
    }
}