{
    "ours": {
        "avg-drop": {
            "mean": 1.1054646769165992,
            "std": 1.517547459120447
        },
        "delete-auc": {
            "mean": 1.6127749511963794,
            "std": 1.57272946828962
        },
        "complexity": {
            "mean": 2.7133184336423875,
            "std": 1.0405395102016193
        },
        "sparsity": {
            "mean": 87.21197391319275,
            "std": 72.39853038949374
        }
    },
    "layer-ig": {
        "avg-drop": {
            "mean": 0.1968176599740982,
            "std": 0.5705683638286643
        },
        "delete-auc": {
            "mean": 1.684472877967689,
            "std": 1.430509137728678
        },
        "complexity": {
            "mean": 279.2859254703522,
            "std": 107.55777237584012
        },
        "sparsity": {
            "mean": 2.796414213180542,
            "std": 1.899541385822558
        }
    },
    "saliency": {
        "avg-drop": {
            "mean": 1.913855415314436,
            "std": 1.7566151850866754
        },
        "delete-auc": {
            "mean": 2.4893642858299945,
            "std": 1.7775610255417975
        },
        "complexity": {
            "mean": 13.108311238288879,
            "std": 3.0204892902911644
        },
        "sparsity": {
            "mean": 412.9542412567139,
            "std": 158.53832091441356
        }
    },
    "deeplift": {
        "avg-drop": {
            "mean": 0.41919323524832725,
            "std": 0.8608684187054013
        },
        "delete-auc": {
            "mean": 1.4658268746816452,
            "std": 1.2529193811229464
        },
        "complexity": {
            "mean": 311.6184365158081,
            "std": 101.80581870095463
        },
        "sparsity": {
            "mean": 2.310338646054268,
            "std": 1.0445047382547055
        }
    },
    "deeplift-shap": {
        "avg-drop": {
            "mean": 0.44293874248862264,
            "std": 0.9045470765080572
        },
        "delete-auc": {
            "mean": 1.4275482408098048,
            "std": 1.1861198752926219
        },
        "complexity": {
            "mean": 310.99939434051515,
            "std": 87.695362634457
        },
        "sparsity": {
            "mean": 2.223432644724846,
            "std": 0.8295623335327844
        }
    },
    "gradient-shap": {
        "avg-drop": {
            "mean": 0.34147213092446327,
            "std": 0.8201625724626003
        },
        "delete-auc": {
            "mean": 1.4286422950550914,
            "std": 1.220612116854757
        },
        "complexity": {
            "mean": 298.7209245223999,
            "std": 99.05604133122648
        },
        "sparsity": {
            "mean": 2.3969361888170244,
            "std": 0.999138241414613
        }
    },
    "guided-backprop": {
        "avg-drop": {
            "mean": 0.09304759982228279,
            "std": 0.18584087720021736
        },
        "delete-auc": {
            "mean": 1.3801543833911418,
            "std": 0.9786342934140775
        },
        "complexity": {
            "mean": 312.1651829071045,
            "std": 33.18444769722498
        },
        "sparsity": {
            "mean": 2.0328298156261444,
            "std": 0.2263364146237842
        }
    }
}